family_id,assigned_day,contabilidade_cost,preferences_cost
0,0,30.0,0.0
1,0,30.0,0.0
2,0,30.0,0.0
3,0,30.0,0.0
4,0,30.0,0.0
5,0,30.0,0.0
6,0,30.0,0.0
7,0,30.0,0.0
8,0,30.0,0.0
9,0,30.0,0.0
10,0,30.0,0.0
11,0,30.0,0.0
12,0,30.0,0.0
13,0,30.0,0.0
14,0,30.0,0.0
15,0,30.0,0.0
16,0,30.0,0.0
17,0,30.0,0.0
18,0,30.0,0.0
19,0,30.0,0.0
20,0,30.0,0.0
21,0,30.0,0.0
22,0,30.0,0.0
23,0,30.0,0.0
24,0,30.0,0.0
25,0,30.0,0.0
26,0,30.0,0.0
27,0,30.0,0.0
28,0,30.0,0.0
29,0,30.0,0.0
30,0,30.0,0.0
31,0,30.0,0.0
32,0,30.0,0.0
33,0,30.0,0.0
34,0,30.0,0.0
35,0,30.0,0.0
36,0,30.0,0.0
37,0,30.0,0.0
38,0,30.0,0.0
39,0,30.0,0.0
40,0,30.0,0.0
41,0,30.0,0.0
42,0,30.0,0.0
43,0,30.0,0.0
44,0,30.0,0.0
45,0,30.0,0.0
46,0,30.0,0.0
47,0,30.0,0.0
48,0,30.0,0.0
49,0,30.0,0.0
50,1,30.0,50.0
51,1,30.0,50.0
52,1,30.0,50.0
53,1,30.0,50.0
54,1,30.0,50.0
55,1,30.0,50.0
56,1,30.0,50.0
57,1,30.0,50.0
58,1,30.0,50.0
59,1,30.0,50.0
60,1,30.0,50.0
61,1,30.0,50.0
62,1,30.0,50.0
63,1,30.0,50.0
64,1,30.0,50.0
65,1,30.0,50.0
66,1,30.0,50.0
67,1,30.0,50.0
68,1,30.0,50.0
69,1,30.0,50.0
70,1,30.0,50.0
71,1,30.0,50.0
72,1,30.0,50.0
73,1,30.0,50.0
74,1,30.0,50.0
75,1,30.0,50.0
76,1,30.0,50.0
77,1,30.0,50.0
78,1,30.0,50.0
79,1,30.0,50.0
80,1,30.0,50.0
81,1,30.0,50.0
82,1,30.0,50.0
83,1,30.0,50.0
84,1,30.0,50.0
85,1,30.0,50.0
86,1,30.0,50.0
87,1,30.0,50.0
88,1,30.0,50.0
89,1,30.0,50.0
90,1,30.0,50.0
91,1,30.0,50.0
92,1,30.0,50.0
93,1,30.0,50.0
94,1,30.0,50.0
95,1,30.0,50.0
96,1,30.0,50.0
97,1,30.0,50.0
98,1,30.0,50.0
99,1,30.0,50.0
100,2,30.0,800.0
101,2,30.0,800.0
102,2,30.0,800.0
103,2,30.0,800.0
104,2,30.0,800.0
105,2,30.0,800.0
106,2,30.0,800.0
107,2,30.0,800.0
108,2,30.0,800.0
109,2,30.0,800.0
110,2,30.0,800.0
111,2,30.0,800.0
112,2,30.0,800.0
113,2,30.0,800.0
114,2,30.0,800.0
115,2,30.0,800.0
116,2,30.0,800.0
117,2,30.0,800.0
118,2,30.0,800.0
119,2,30.0,800.0
120,2,30.0,800.0
121,2,30.0,800.0
122,2,30.0,800.0
123,2,30.0,800.0
124,2,30.0,800.0
125,2,30.0,800.0
126,2,30.0,800.0
127,2,30.0,800.0
128,2,30.0,800.0
129,2,30.0,800.0
130,2,30.0,800.0
131,2,30.0,800.0
132,2,30.0,800.0
133,2,30.0,800.0
134,2,30.0,800.0
135,2,30.0,800.0
136,2,30.0,800.0
137,2,30.0,800.0
138,2,30.0,800.0
139,2,30.0,800.0
140,2,30.0,800.0
141,2,30.0,800.0
142,2,30.0,800.0
143,2,30.0,800.0
144,2,30.0,800.0
145,2,30.0,800.0
146,2,30.0,800.0
147,2,30.0,800.0
148,2,30.0,800.0
149,2,30.0,800.0
150,3,30.0,800.0
151,3,30.0,800.0
152,3,30.0,800.0
153,3,30.0,800.0
154,3,30.0,800.0
155,3,30.0,800.0
156,3,30.0,800.0
157,3,30.0,800.0
158,3,30.0,800.0
159,3,30.0,800.0
160,3,30.0,800.0
161,3,30.0,800.0
162,3,30.0,800.0
163,3,30.0,800.0
164,3,30.0,800.0
165,3,30.0,800.0
166,3,30.0,800.0
167,3,30.0,800.0
168,3,30.0,800.0
169,3,30.0,800.0
170,3,30.0,800.0
171,3,30.0,800.0
172,3,30.0,800.0
173,3,30.0,800.0
174,3,30.0,800.0
175,3,30.0,800.0
176,3,30.0,800.0
177,3,30.0,800.0
178,3,30.0,800.0
179,3,30.0,800.0
180,3,30.0,800.0
181,3,30.0,800.0
182,3,30.0,800.0
183,3,30.0,800.0
184,3,30.0,800.0
185,3,30.0,800.0
186,3,30.0,800.0
187,3,30.0,800.0
188,3,30.0,800.0
189,3,30.0,800.0
190,3,30.0,800.0
191,3,30.0,800.0
192,3,30.0,800.0
193,3,30.0,800.0
194,3,30.0,800.0
195,3,30.0,800.0
196,3,30.0,800.0
197,3,30.0,800.0
198,3,30.0,800.0
199,3,30.0,800.0
200,4,30.0,800.0
201,4,30.0,800.0
202,4,30.0,800.0
203,4,30.0,800.0
204,4,30.0,800.0
205,4,30.0,800.0
206,4,30.0,800.0
207,4,30.0,800.0
208,4,30.0,800.0
209,4,30.0,800.0
210,4,30.0,800.0
211,4,30.0,800.0
212,4,30.0,800.0
213,4,30.0,800.0
214,4,30.0,800.0
215,4,30.0,800.0
216,4,30.0,800.0
217,4,30.0,800.0
218,4,30.0,800.0
219,4,30.0,800.0
220,4,30.0,800.0
221,4,30.0,800.0
222,4,30.0,800.0
223,4,30.0,800.0
224,4,30.0,800.0
225,4,30.0,800.0
226,4,30.0,800.0
227,4,30.0,800.0
228,4,30.0,800.0
229,4,30.0,800.0
230,4,30.0,800.0
231,4,30.0,800.0
232,4,30.0,800.0
233,4,30.0,800.0
234,4,30.0,800.0
235,4,30.0,800.0
236,4,30.0,800.0
237,4,30.0,800.0
238,4,30.0,800.0
239,4,30.0,800.0
240,4,30.0,800.0
241,4,30.0,800.0
242,4,30.0,800.0
243,4,30.0,800.0
244,4,30.0,800.0
245,4,30.0,800.0
246,4,30.0,800.0
247,4,30.0,800.0
248,4,30.0,800.0
249,4,30.0,800.0
250,5,30.0,75.0
251,5,30.0,75.0
252,5,30.0,75.0
253,5,30.0,75.0
254,5,30.0,75.0
255,5,30.0,75.0
256,5,30.0,75.0
257,5,30.0,75.0
258,5,30.0,75.0
259,5,30.0,75.0
260,5,30.0,75.0
261,5,30.0,75.0
262,5,30.0,75.0
263,5,30.0,75.0
264,5,30.0,75.0
265,5,30.0,75.0
266,5,30.0,75.0
267,5,30.0,75.0
268,5,30.0,75.0
269,5,30.0,75.0
270,5,30.0,75.0
271,5,30.0,75.0
272,5,30.0,75.0
273,5,30.0,75.0
274,5,30.0,75.0
275,5,30.0,75.0
276,5,30.0,75.0
277,5,30.0,75.0
278,5,30.0,75.0
279,5,30.0,75.0
280,5,30.0,75.0
281,5,30.0,75.0
282,5,30.0,75.0
283,5,30.0,75.0
284,5,30.0,75.0
285,5,30.0,75.0
286,5,30.0,75.0
287,5,30.0,75.0
288,5,30.0,75.0
289,5,30.0,75.0
290,5,30.0,75.0
291,5,30.0,75.0
292,5,30.0,75.0
293,5,30.0,75.0
294,5,30.0,75.0
295,5,30.0,75.0
296,5,30.0,75.0
297,5,30.0,75.0
298,5,30.0,75.0
299,5,30.0,75.0
300,6,30.0,200.0
301,6,30.0,200.0
302,6,30.0,200.0
303,6,30.0,200.0
304,6,30.0,200.0
305,6,30.0,200.0
306,6,30.0,200.0
307,6,30.0,200.0
308,6,30.0,200.0
309,6,30.0,200.0
310,6,30.0,200.0
311,6,30.0,200.0
312,6,30.0,200.0
313,6,30.0,200.0
314,6,30.0,200.0
315,6,30.0,200.0
316,6,30.0,200.0
317,6,30.0,200.0
318,6,30.0,200.0
319,6,30.0,200.0
320,6,30.0,200.0
321,6,30.0,200.0
322,6,30.0,200.0
323,6,30.0,200.0
324,6,30.0,200.0
325,6,30.0,200.0
326,6,30.0,200.0
327,6,30.0,200.0
328,6,30.0,200.0
329,6,30.0,200.0
330,6,30.0,200.0
331,6,30.0,200.0
332,6,30.0,200.0
333,6,30.0,200.0
334,6,30.0,200.0
335,6,30.0,200.0
336,6,30.0,200.0
337,6,30.0,200.0
338,6,30.0,200.0
339,6,30.0,200.0
340,6,30.0,200.0
341,6,30.0,200.0
342,6,30.0,200.0
343,6,30.0,200.0
344,6,30.0,200.0
345,6,30.0,200.0
346,6,30.0,200.0
347,6,30.0,200.0
348,6,30.0,200.0
349,6,30.0,200.0
350,7,30.0,100.0
351,7,30.0,100.0
352,7,30.0,100.0
353,7,30.0,100.0
354,7,30.0,100.0
355,7,30.0,100.0
356,7,30.0,100.0
357,7,30.0,100.0
358,7,30.0,100.0
359,7,30.0,100.0
360,7,30.0,100.0
361,7,30.0,100.0
362,7,30.0,100.0
363,7,30.0,100.0
364,7,30.0,100.0
365,7,30.0,100.0
366,7,30.0,100.0
367,7,30.0,100.0
368,7,30.0,100.0
369,7,30.0,100.0
370,7,30.0,100.0
371,7,30.0,100.0
372,7,30.0,100.0
373,7,30.0,100.0
374,7,30.0,100.0
375,7,30.0,100.0
376,7,30.0,100.0
377,7,30.0,100.0
378,7,30.0,100.0
379,7,30.0,100.0
380,7,30.0,100.0
381,7,30.0,100.0
382,7,30.0,100.0
383,7,30.0,100.0
384,7,30.0,100.0
385,7,30.0,100.0
386,7,30.0,100.0
387,7,30.0,100.0
388,7,30.0,100.0
389,7,30.0,100.0
390,7,30.0,100.0
391,7,30.0,100.0
392,7,30.0,100.0
393,7,30.0,100.0
394,7,30.0,100.0
395,7,30.0,100.0
396,7,30.0,100.0
397,7,30.0,100.0
398,7,30.0,100.0
399,7,30.0,100.0
400,8,30.0,800.0
401,8,30.0,800.0
402,8,30.0,800.0
403,8,30.0,800.0
404,8,30.0,800.0
405,8,30.0,800.0
406,8,30.0,800.0
407,8,30.0,800.0
408,8,30.0,800.0
409,8,30.0,800.0
410,8,30.0,800.0
411,8,30.0,800.0
412,8,30.0,800.0
413,8,30.0,800.0
414,8,30.0,800.0
415,8,30.0,800.0
416,8,30.0,800.0
417,8,30.0,800.0
418,8,30.0,800.0
419,8,30.0,800.0
420,8,30.0,800.0
421,8,30.0,800.0
422,8,30.0,800.0
423,8,30.0,800.0
424,8,30.0,800.0
425,8,30.0,800.0
426,8,30.0,800.0
427,8,30.0,800.0
428,8,30.0,800.0
429,8,30.0,800.0
430,8,30.0,800.0
431,8,30.0,800.0
432,8,30.0,800.0
433,8,30.0,800.0
434,8,30.0,800.0
435,8,30.0,800.0
436,8,30.0,800.0
437,8,30.0,800.0
438,8,30.0,800.0
439,8,30.0,800.0
440,8,30.0,800.0
441,8,30.0,800.0
442,8,30.0,800.0
443,8,30.0,800.0
444,8,30.0,800.0
445,8,30.0,800.0
446,8,30.0,800.0
447,8,30.0,800.0
448,8,30.0,800.0
449,8,30.0,800.0
450,9,30.0,800.0
451,9,30.0,800.0
452,9,30.0,800.0
453,9,30.0,800.0
454,9,30.0,800.0
455,9,30.0,800.0
456,9,30.0,800.0
457,9,30.0,800.0
458,9,30.0,800.0
459,9,30.0,800.0
460,9,30.0,800.0
461,9,30.0,800.0
462,9,30.0,800.0
463,9,30.0,800.0
464,9,30.0,800.0
465,9,30.0,800.0
466,9,30.0,800.0
467,9,30.0,800.0
468,9,30.0,800.0
469,9,30.0,800.0
470,9,30.0,800.0
471,9,30.0,800.0
472,9,30.0,800.0
473,9,30.0,800.0
474,9,30.0,800.0
475,9,30.0,800.0
476,9,30.0,800.0
477,9,30.0,800.0
478,9,30.0,800.0
479,9,30.0,800.0
480,9,30.0,800.0
481,9,30.0,800.0
482,9,30.0,800.0
483,9,30.0,800.0
484,9,30.0,800.0
485,9,30.0,800.0
486,9,30.0,800.0
487,9,30.0,800.0
488,9,30.0,800.0
489,9,30.0,800.0
490,9,30.0,800.0
491,9,30.0,800.0
492,9,30.0,800.0
493,9,30.0,800.0
494,9,30.0,800.0
495,9,30.0,800.0
496,9,30.0,800.0
497,9,30.0,800.0
498,9,30.0,800.0
499,9,30.0,800.0
500,10,30.0,800.0
501,10,30.0,800.0
502,10,30.0,800.0
503,10,30.0,800.0
504,10,30.0,800.0
505,10,30.0,800.0
506,10,30.0,800.0
507,10,30.0,800.0
508,10,30.0,800.0
509,10,30.0,800.0
510,10,30.0,800.0
511,10,30.0,800.0
512,10,30.0,800.0
513,10,30.0,800.0
514,10,30.0,800.0
515,10,30.0,800.0
516,10,30.0,800.0
517,10,30.0,800.0
518,10,30.0,800.0
519,10,30.0,800.0
520,10,30.0,800.0
521,10,30.0,800.0
522,10,30.0,800.0
523,10,30.0,800.0
524,10,30.0,800.0
525,10,30.0,800.0
526,10,30.0,800.0
527,10,30.0,800.0
528,10,30.0,800.0
529,10,30.0,800.0
530,10,30.0,800.0
531,10,30.0,800.0
532,10,30.0,800.0
533,10,30.0,800.0
534,10,30.0,800.0
535,10,30.0,800.0
536,10,30.0,800.0
537,10,30.0,800.0
538,10,30.0,800.0
539,10,30.0,800.0
540,10,30.0,800.0
541,10,30.0,800.0
542,10,30.0,800.0
543,10,30.0,800.0
544,10,30.0,800.0
545,10,30.0,800.0
546,10,30.0,800.0
547,10,30.0,800.0
548,10,30.0,800.0
549,10,30.0,800.0
550,11,30.0,800.0
551,11,30.0,800.0
552,11,30.0,800.0
553,11,30.0,800.0
554,11,30.0,800.0
555,11,30.0,800.0
556,11,30.0,800.0
557,11,30.0,800.0
558,11,30.0,800.0
559,11,30.0,800.0
560,11,30.0,800.0
561,11,30.0,800.0
562,11,30.0,800.0
563,11,30.0,800.0
564,11,30.0,800.0
565,11,30.0,800.0
566,11,30.0,800.0
567,11,30.0,800.0
568,11,30.0,800.0
569,11,30.0,800.0
570,11,30.0,800.0
571,11,30.0,800.0
572,11,30.0,800.0
573,11,30.0,800.0
574,11,30.0,800.0
575,11,30.0,800.0
576,11,30.0,800.0
577,11,30.0,800.0
578,11,30.0,800.0
579,11,30.0,800.0
580,11,30.0,800.0
581,11,30.0,800.0
582,11,30.0,800.0
583,11,30.0,800.0
584,11,30.0,800.0
585,11,30.0,800.0
586,11,30.0,800.0
587,11,30.0,800.0
588,11,30.0,800.0
589,11,30.0,800.0
590,11,30.0,800.0
591,11,30.0,800.0
592,11,30.0,800.0
593,11,30.0,800.0
594,11,30.0,800.0
595,11,30.0,800.0
596,11,30.0,800.0
597,11,30.0,800.0
598,11,30.0,800.0
599,11,30.0,800.0
600,12,30.0,800.0
601,12,30.0,800.0
602,12,30.0,800.0
603,12,30.0,800.0
604,12,30.0,800.0
605,12,30.0,800.0
606,12,30.0,800.0
607,12,30.0,800.0
608,12,30.0,800.0
609,12,30.0,800.0
610,12,30.0,800.0
611,12,30.0,800.0
612,12,30.0,800.0
613,12,30.0,800.0
614,12,30.0,800.0
615,12,30.0,800.0
616,12,30.0,800.0
617,12,30.0,800.0
618,12,30.0,800.0
619,12,30.0,800.0
620,12,30.0,800.0
621,12,30.0,800.0
622,12,30.0,800.0
623,12,30.0,800.0
624,12,30.0,800.0
625,12,30.0,800.0
626,12,30.0,800.0
627,12,30.0,800.0
628,12,30.0,800.0
629,12,30.0,800.0
630,12,30.0,800.0
631,12,30.0,800.0
632,12,30.0,800.0
633,12,30.0,800.0
634,12,30.0,800.0
635,12,30.0,800.0
636,12,30.0,800.0
637,12,30.0,800.0
638,12,30.0,800.0
639,12,30.0,800.0
640,12,30.0,800.0
641,12,30.0,800.0
642,12,30.0,800.0
643,12,30.0,800.0
644,12,30.0,800.0
645,12,30.0,800.0
646,12,30.0,800.0
647,12,30.0,800.0
648,12,30.0,800.0
649,12,30.0,800.0
650,13,30.0,800.0
651,13,30.0,800.0
652,13,30.0,800.0
653,13,30.0,800.0
654,13,30.0,800.0
655,13,30.0,800.0
656,13,30.0,800.0
657,13,30.0,800.0
658,13,30.0,800.0
659,13,30.0,800.0
660,13,30.0,800.0
661,13,30.0,800.0
662,13,30.0,800.0
663,13,30.0,800.0
664,13,30.0,800.0
665,13,30.0,800.0
666,13,30.0,800.0
667,13,30.0,800.0
668,13,30.0,800.0
669,13,30.0,800.0
670,13,30.0,800.0
671,13,30.0,800.0
672,13,30.0,800.0
673,13,30.0,800.0
674,13,30.0,800.0
675,13,30.0,800.0
676,13,30.0,800.0
677,13,30.0,800.0
678,13,30.0,800.0
679,13,30.0,800.0
680,13,30.0,800.0
681,13,30.0,800.0
682,13,30.0,800.0
683,13,30.0,800.0
684,13,30.0,800.0
685,13,30.0,800.0
686,13,30.0,800.0
687,13,30.0,800.0
688,13,30.0,800.0
689,13,30.0,800.0
690,13,30.0,800.0
691,13,30.0,800.0
692,13,30.0,800.0
693,13,30.0,800.0
694,13,30.0,800.0
695,13,30.0,800.0
696,13,30.0,800.0
697,13,30.0,800.0
698,13,30.0,800.0
699,13,30.0,800.0
700,14,30.0,800.0
701,14,30.0,800.0
702,14,30.0,800.0
703,14,30.0,800.0
704,14,30.0,800.0
705,14,30.0,800.0
706,14,30.0,800.0
707,14,30.0,800.0
708,14,30.0,800.0
709,14,30.0,800.0
710,14,30.0,800.0
711,14,30.0,800.0
712,14,30.0,800.0
713,14,30.0,800.0
714,14,30.0,800.0
715,14,30.0,800.0
716,14,30.0,800.0
717,14,30.0,800.0
718,14,30.0,800.0
719,14,30.0,800.0
720,14,30.0,800.0
721,14,30.0,800.0
722,14,30.0,800.0
723,14,30.0,800.0
724,14,30.0,800.0
725,14,30.0,800.0
726,14,30.0,800.0
727,14,30.0,800.0
728,14,30.0,800.0
729,14,30.0,800.0
730,14,30.0,800.0
731,14,30.0,800.0
732,14,30.0,800.0
733,14,30.0,800.0
734,14,30.0,800.0
735,14,30.0,800.0
736,14,30.0,800.0
737,14,30.0,800.0
738,14,30.0,800.0
739,14,30.0,800.0
740,14,30.0,800.0
741,14,30.0,800.0
742,14,30.0,800.0
743,14,30.0,800.0
744,14,30.0,800.0
745,14,30.0,800.0
746,14,30.0,800.0
747,14,30.0,800.0
748,14,30.0,800.0
749,14,30.0,800.0
750,15,30.0,800.0
751,15,30.0,800.0
752,15,30.0,800.0
753,15,30.0,800.0
754,15,30.0,800.0
755,15,30.0,800.0
756,15,30.0,800.0
757,15,30.0,800.0
758,15,30.0,800.0
759,15,30.0,800.0
760,15,30.0,800.0
761,15,30.0,800.0
762,15,30.0,800.0
763,15,30.0,800.0
764,15,30.0,800.0
765,15,30.0,800.0
766,15,30.0,800.0
767,15,30.0,800.0
768,15,30.0,800.0
769,15,30.0,800.0
770,15,30.0,800.0
771,15,30.0,800.0
772,15,30.0,800.0
773,15,30.0,800.0
774,15,30.0,800.0
775,15,30.0,800.0
776,15,30.0,800.0
777,15,30.0,800.0
778,15,30.0,800.0
779,15,30.0,800.0
780,15,30.0,800.0
781,15,30.0,800.0
782,15,30.0,800.0
783,15,30.0,800.0
784,15,30.0,800.0
785,15,30.0,800.0
786,15,30.0,800.0
787,15,30.0,800.0
788,15,30.0,800.0
789,15,30.0,800.0
790,15,30.0,800.0
791,15,30.0,800.0
792,15,30.0,800.0
793,15,30.0,800.0
794,15,30.0,800.0
795,15,30.0,800.0
796,15,30.0,800.0
797,15,30.0,800.0
798,15,30.0,800.0
799,15,30.0,800.0
800,16,30.0,800.0
801,16,30.0,800.0
802,16,30.0,800.0
803,16,30.0,800.0
804,16,30.0,800.0
805,16,30.0,800.0
806,16,30.0,800.0
807,16,30.0,800.0
808,16,30.0,800.0
809,16,30.0,800.0
810,16,30.0,800.0
811,16,30.0,800.0
812,16,30.0,800.0
813,16,30.0,800.0
814,16,30.0,800.0
815,16,30.0,800.0
816,16,30.0,800.0
817,16,30.0,800.0
818,16,30.0,800.0
819,16,30.0,800.0
820,16,30.0,800.0
821,16,30.0,800.0
822,16,30.0,800.0
823,16,30.0,800.0
824,16,30.0,800.0
825,16,30.0,800.0
826,16,30.0,800.0
827,16,30.0,800.0
828,16,30.0,800.0
829,16,30.0,800.0
830,16,30.0,800.0
831,16,30.0,800.0
832,16,30.0,800.0
833,16,30.0,800.0
834,16,30.0,800.0
835,16,30.0,800.0
836,16,30.0,800.0
837,16,30.0,800.0
838,16,30.0,800.0
839,16,30.0,800.0
840,16,30.0,800.0
841,16,30.0,800.0
842,16,30.0,800.0
843,16,30.0,800.0
844,16,30.0,800.0
845,16,30.0,800.0
846,16,30.0,800.0
847,16,30.0,800.0
848,16,30.0,800.0
849,16,30.0,800.0
850,17,30.0,800.0
851,17,30.0,800.0
852,17,30.0,800.0
853,17,30.0,800.0
854,17,30.0,800.0
855,17,30.0,800.0
856,17,30.0,800.0
857,17,30.0,800.0
858,17,30.0,800.0
859,17,30.0,800.0
860,17,30.0,800.0
861,17,30.0,800.0
862,17,30.0,800.0
863,17,30.0,800.0
864,17,30.0,800.0
865,17,30.0,800.0
866,17,30.0,800.0
867,17,30.0,800.0
868,17,30.0,800.0
869,17,30.0,800.0
870,17,30.0,800.0
871,17,30.0,800.0
872,17,30.0,800.0
873,17,30.0,800.0
874,17,30.0,800.0
875,17,30.0,800.0
876,17,30.0,800.0
877,17,30.0,800.0
878,17,30.0,800.0
879,17,30.0,800.0
880,17,30.0,800.0
881,17,30.0,800.0
882,17,30.0,800.0
883,17,30.0,800.0
884,17,30.0,800.0
885,17,30.0,800.0
886,17,30.0,800.0
887,17,30.0,800.0
888,17,30.0,800.0
889,17,30.0,800.0
890,17,30.0,800.0
891,17,30.0,800.0
892,17,30.0,800.0
893,17,30.0,800.0
894,17,30.0,800.0
895,17,30.0,800.0
896,17,30.0,800.0
897,17,30.0,800.0
898,17,30.0,800.0
899,17,30.0,800.0
900,18,30.0,800.0
901,18,30.0,800.0
902,18,30.0,800.0
903,18,30.0,800.0
904,18,30.0,800.0
905,18,30.0,800.0
906,18,30.0,800.0
907,18,30.0,800.0
908,18,30.0,800.0
909,18,30.0,800.0
910,18,30.0,800.0
911,18,30.0,800.0
912,18,30.0,800.0
913,18,30.0,800.0
914,18,30.0,800.0
915,18,30.0,800.0
916,18,30.0,800.0
917,18,30.0,800.0
918,18,30.0,800.0
919,18,30.0,800.0
920,18,30.0,800.0
921,18,30.0,800.0
922,18,30.0,800.0
923,18,30.0,800.0
924,18,30.0,800.0
925,18,30.0,800.0
926,18,30.0,800.0
927,18,30.0,800.0
928,18,30.0,800.0
929,18,30.0,800.0
930,18,30.0,800.0
931,18,30.0,800.0
932,18,30.0,800.0
933,18,30.0,800.0
934,18,30.0,800.0
935,18,30.0,800.0
936,18,30.0,800.0
937,18,30.0,800.0
938,18,30.0,800.0
939,18,30.0,800.0
940,18,30.0,800.0
941,18,30.0,800.0
942,18,30.0,800.0
943,18,30.0,800.0
944,18,30.0,800.0
945,18,30.0,800.0
946,18,30.0,800.0
947,18,30.0,800.0
948,18,30.0,800.0
949,18,30.0,800.0
950,19,30.0,800.0
951,19,30.0,800.0
952,19,30.0,800.0
953,19,30.0,800.0
954,19,30.0,800.0
955,19,30.0,800.0
956,19,30.0,800.0
957,19,30.0,800.0
958,19,30.0,800.0
959,19,30.0,800.0
960,19,30.0,800.0
961,19,30.0,800.0
962,19,30.0,800.0
963,19,30.0,800.0
964,19,30.0,800.0
965,19,30.0,800.0
966,19,30.0,800.0
967,19,30.0,800.0
968,19,30.0,800.0
969,19,30.0,800.0
970,19,30.0,800.0
971,19,30.0,800.0
972,19,30.0,800.0
973,19,30.0,800.0
974,19,30.0,800.0
975,19,30.0,800.0
976,19,30.0,800.0
977,19,30.0,800.0
978,19,30.0,800.0
979,19,30.0,800.0
980,19,30.0,800.0
981,19,30.0,800.0
982,19,30.0,800.0
983,19,30.0,800.0
984,19,30.0,800.0
985,19,30.0,800.0
986,19,30.0,800.0
987,19,30.0,800.0
988,19,30.0,800.0
989,19,30.0,800.0
990,19,30.0,800.0
991,19,30.0,800.0
992,19,30.0,800.0
993,19,30.0,800.0
994,19,30.0,800.0
995,19,30.0,800.0
996,19,30.0,800.0
997,19,30.0,800.0
998,19,30.0,800.0
999,19,30.0,800.0
1000,20,30.0,800.0
1001,20,30.0,800.0
1002,20,30.0,800.0
1003,20,30.0,800.0
1004,20,30.0,800.0
1005,20,30.0,800.0
1006,20,30.0,800.0
1007,20,30.0,800.0
1008,20,30.0,800.0
1009,20,30.0,800.0
1010,20,30.0,800.0
1011,20,30.0,800.0
1012,20,30.0,800.0
1013,20,30.0,800.0
1014,20,30.0,800.0
1015,20,30.0,800.0
1016,20,30.0,800.0
1017,20,30.0,800.0
1018,20,30.0,800.0
1019,20,30.0,800.0
1020,20,30.0,800.0
1021,20,30.0,800.0
1022,20,30.0,800.0
1023,20,30.0,800.0
1024,20,30.0,800.0
1025,20,30.0,800.0
1026,20,30.0,800.0
1027,20,30.0,800.0
1028,20,30.0,800.0
1029,20,30.0,800.0
1030,20,30.0,800.0
1031,20,30.0,800.0
1032,20,30.0,800.0
1033,20,30.0,800.0
1034,20,30.0,800.0
1035,20,30.0,800.0
1036,20,30.0,800.0
1037,20,30.0,800.0
1038,20,30.0,800.0
1039,20,30.0,800.0
1040,20,30.0,800.0
1041,20,30.0,800.0
1042,20,30.0,800.0
1043,20,30.0,800.0
1044,20,30.0,800.0
1045,20,30.0,800.0
1046,20,30.0,800.0
1047,20,30.0,800.0
1048,20,30.0,800.0
1049,20,30.0,800.0
1050,21,30.0,800.0
1051,21,30.0,800.0
1052,21,30.0,800.0
1053,21,30.0,800.0
1054,21,30.0,800.0
1055,21,30.0,800.0
1056,21,30.0,800.0
1057,21,30.0,800.0
1058,21,30.0,800.0
1059,21,30.0,800.0
1060,21,30.0,800.0
1061,21,30.0,800.0
1062,21,30.0,800.0
1063,21,30.0,800.0
1064,21,30.0,800.0
1065,21,30.0,800.0
1066,21,30.0,800.0
1067,21,30.0,800.0
1068,21,30.0,800.0
1069,21,30.0,800.0
1070,21,30.0,800.0
1071,21,30.0,800.0
1072,21,30.0,800.0
1073,21,30.0,800.0
1074,21,30.0,800.0
1075,21,30.0,800.0
1076,21,30.0,800.0
1077,21,30.0,800.0
1078,21,30.0,800.0
1079,21,30.0,800.0
1080,21,30.0,800.0
1081,21,30.0,800.0
1082,21,30.0,800.0
1083,21,30.0,800.0
1084,21,30.0,800.0
1085,21,30.0,800.0
1086,21,30.0,800.0
1087,21,30.0,800.0
1088,21,30.0,800.0
1089,21,30.0,800.0
1090,21,30.0,800.0
1091,21,30.0,800.0
1092,21,30.0,800.0
1093,21,30.0,800.0
1094,21,30.0,800.0
1095,21,30.0,800.0
1096,21,30.0,800.0
1097,21,30.0,800.0
1098,21,30.0,800.0
1099,21,30.0,800.0
1100,22,30.0,800.0
1101,22,30.0,800.0
1102,22,30.0,800.0
1103,22,30.0,800.0
1104,22,30.0,800.0
1105,22,30.0,800.0
1106,22,30.0,800.0
1107,22,30.0,800.0
1108,22,30.0,800.0
1109,22,30.0,800.0
1110,22,30.0,800.0
1111,22,30.0,800.0
1112,22,30.0,800.0
1113,22,30.0,800.0
1114,22,30.0,800.0
1115,22,30.0,800.0
1116,22,30.0,800.0
1117,22,30.0,800.0
1118,22,30.0,800.0
1119,22,30.0,800.0
1120,22,30.0,800.0
1121,22,30.0,800.0
1122,22,30.0,800.0
1123,22,30.0,800.0
1124,22,30.0,800.0
1125,22,30.0,800.0
1126,22,30.0,800.0
1127,22,30.0,800.0
1128,22,30.0,800.0
1129,22,30.0,800.0
1130,22,30.0,800.0
1131,22,30.0,800.0
1132,22,30.0,800.0
1133,22,30.0,800.0
1134,22,30.0,800.0
1135,22,30.0,800.0
1136,22,30.0,800.0
1137,22,30.0,800.0
1138,22,30.0,800.0
1139,22,30.0,800.0
1140,22,30.0,800.0
1141,22,30.0,800.0
1142,22,30.0,800.0
1143,22,30.0,800.0
1144,22,30.0,800.0
1145,22,30.0,800.0
1146,22,30.0,800.0
1147,22,30.0,800.0
1148,22,30.0,800.0
1149,22,30.0,800.0
1150,23,30.0,800.0
1151,23,30.0,800.0
1152,23,30.0,800.0
1153,23,30.0,800.0
1154,23,30.0,800.0
1155,23,30.0,800.0
1156,23,30.0,800.0
1157,23,30.0,800.0
1158,23,30.0,800.0
1159,23,30.0,800.0
1160,23,30.0,800.0
1161,23,30.0,800.0
1162,23,30.0,800.0
1163,23,30.0,800.0
1164,23,30.0,800.0
1165,23,30.0,800.0
1166,23,30.0,800.0
1167,23,30.0,800.0
1168,23,30.0,800.0
1169,23,30.0,800.0
1170,23,30.0,800.0
1171,23,30.0,800.0
1172,23,30.0,800.0
1173,23,30.0,800.0
1174,23,30.0,800.0
1175,23,30.0,800.0
1176,23,30.0,800.0
1177,23,30.0,800.0
1178,23,30.0,800.0
1179,23,30.0,800.0
1180,23,30.0,800.0
1181,23,30.0,800.0
1182,23,30.0,800.0
1183,23,30.0,800.0
1184,23,30.0,800.0
1185,23,30.0,800.0
1186,23,30.0,800.0
1187,23,30.0,800.0
1188,23,30.0,800.0
1189,23,30.0,800.0
1190,23,30.0,800.0
1191,23,30.0,800.0
1192,23,30.0,800.0
1193,23,30.0,800.0
1194,23,30.0,800.0
1195,23,30.0,800.0
1196,23,30.0,800.0
1197,23,30.0,800.0
1198,23,30.0,800.0
1199,23,30.0,800.0
1200,24,30.0,800.0
1201,24,30.0,800.0
1202,24,30.0,800.0
1203,24,30.0,800.0
1204,24,30.0,800.0
1205,24,30.0,800.0
1206,24,30.0,800.0
1207,24,30.0,800.0
1208,24,30.0,800.0
1209,24,30.0,800.0
1210,24,30.0,800.0
1211,24,30.0,800.0
1212,24,30.0,800.0
1213,24,30.0,800.0
1214,24,30.0,800.0
1215,24,30.0,800.0
1216,24,30.0,800.0
1217,24,30.0,800.0
1218,24,30.0,800.0
1219,24,30.0,800.0
1220,24,30.0,800.0
1221,24,30.0,800.0
1222,24,30.0,800.0
1223,24,30.0,800.0
1224,24,30.0,800.0
1225,24,30.0,800.0
1226,24,30.0,800.0
1227,24,30.0,800.0
1228,24,30.0,800.0
1229,24,30.0,800.0
1230,24,30.0,800.0
1231,24,30.0,800.0
1232,24,30.0,800.0
1233,24,30.0,800.0
1234,24,30.0,800.0
1235,24,30.0,800.0
1236,24,30.0,800.0
1237,24,30.0,800.0
1238,24,30.0,800.0
1239,24,30.0,800.0
1240,24,30.0,800.0
1241,24,30.0,800.0
1242,24,30.0,800.0
1243,24,30.0,800.0
1244,24,30.0,800.0
1245,24,30.0,800.0
1246,24,30.0,800.0
1247,24,30.0,800.0
1248,24,30.0,800.0
1249,24,30.0,800.0
1250,25,30.0,800.0
1251,25,30.0,800.0
1252,25,30.0,800.0
1253,25,30.0,800.0
1254,25,30.0,800.0
1255,25,30.0,800.0
1256,25,30.0,800.0
1257,25,30.0,800.0
1258,25,30.0,800.0
1259,25,30.0,800.0
1260,25,30.0,800.0
1261,25,30.0,800.0
1262,25,30.0,800.0
1263,25,30.0,800.0
1264,25,30.0,800.0
1265,25,30.0,800.0
1266,25,30.0,800.0
1267,25,30.0,800.0
1268,25,30.0,800.0
1269,25,30.0,800.0
1270,25,30.0,800.0
1271,25,30.0,800.0
1272,25,30.0,800.0
1273,25,30.0,800.0
1274,25,30.0,800.0
1275,25,30.0,800.0
1276,25,30.0,800.0
1277,25,30.0,800.0
1278,25,30.0,800.0
1279,25,30.0,800.0
1280,25,30.0,800.0
1281,25,30.0,800.0
1282,25,30.0,800.0
1283,25,30.0,800.0
1284,25,30.0,800.0
1285,25,30.0,800.0
1286,25,30.0,800.0
1287,25,30.0,800.0
1288,25,30.0,800.0
1289,25,30.0,800.0
1290,25,30.0,800.0
1291,25,30.0,800.0
1292,25,30.0,800.0
1293,25,30.0,800.0
1294,25,30.0,800.0
1295,25,30.0,800.0
1296,25,30.0,800.0
1297,25,30.0,800.0
1298,25,30.0,800.0
1299,25,30.0,800.0
1300,26,30.0,800.0
1301,26,30.0,800.0
1302,26,30.0,800.0
1303,26,30.0,800.0
1304,26,30.0,800.0
1305,26,30.0,800.0
1306,26,30.0,800.0
1307,26,30.0,800.0
1308,26,30.0,800.0
1309,26,30.0,800.0
1310,26,30.0,800.0
1311,26,30.0,800.0
1312,26,30.0,800.0
1313,26,30.0,800.0
1314,26,30.0,800.0
1315,26,30.0,800.0
1316,26,30.0,800.0
1317,26,30.0,800.0
1318,26,30.0,800.0
1319,26,30.0,800.0
1320,26,30.0,800.0
1321,26,30.0,800.0
1322,26,30.0,800.0
1323,26,30.0,800.0
1324,26,30.0,800.0
1325,26,30.0,800.0
1326,26,30.0,800.0
1327,26,30.0,800.0
1328,26,30.0,800.0
1329,26,30.0,800.0
1330,26,30.0,800.0
1331,26,30.0,800.0
1332,26,30.0,800.0
1333,26,30.0,800.0
1334,26,30.0,800.0
1335,26,30.0,800.0
1336,26,30.0,800.0
1337,26,30.0,800.0
1338,26,30.0,800.0
1339,26,30.0,800.0
1340,26,30.0,800.0
1341,26,30.0,800.0
1342,26,30.0,800.0
1343,26,30.0,800.0
1344,26,30.0,800.0
1345,26,30.0,800.0
1346,26,30.0,800.0
1347,26,30.0,800.0
1348,26,30.0,800.0
1349,26,30.0,800.0
1350,27,30.0,800.0
1351,27,30.0,800.0
1352,27,30.0,800.0
1353,27,30.0,800.0
1354,27,30.0,800.0
1355,27,30.0,800.0
1356,27,30.0,800.0
1357,27,30.0,800.0
1358,27,30.0,800.0
1359,27,30.0,800.0
1360,27,30.0,800.0
1361,27,30.0,800.0
1362,27,30.0,800.0
1363,27,30.0,800.0
1364,27,30.0,800.0
1365,27,30.0,800.0
1366,27,30.0,800.0
1367,27,30.0,800.0
1368,27,30.0,800.0
1369,27,30.0,800.0
1370,27,30.0,800.0
1371,27,30.0,800.0
1372,27,30.0,800.0
1373,27,30.0,800.0
1374,27,30.0,800.0
1375,27,30.0,800.0
1376,27,30.0,800.0
1377,27,30.0,800.0
1378,27,30.0,800.0
1379,27,30.0,800.0
1380,27,30.0,800.0
1381,27,30.0,800.0
1382,27,30.0,800.0
1383,27,30.0,800.0
1384,27,30.0,800.0
1385,27,30.0,800.0
1386,27,30.0,800.0
1387,27,30.0,800.0
1388,27,30.0,800.0
1389,27,30.0,800.0
1390,27,30.0,800.0
1391,27,30.0,800.0
1392,27,30.0,800.0
1393,27,30.0,800.0
1394,27,30.0,800.0
1395,27,30.0,800.0
1396,27,30.0,800.0
1397,27,30.0,800.0
1398,27,30.0,800.0
1399,27,30.0,800.0
1400,28,30.0,800.0
1401,28,30.0,800.0
1402,28,30.0,800.0
1403,28,30.0,800.0
1404,28,30.0,800.0
1405,28,30.0,800.0
1406,28,30.0,800.0
1407,28,30.0,800.0
1408,28,30.0,800.0
1409,28,30.0,800.0
1410,28,30.0,800.0
1411,28,30.0,800.0
1412,28,30.0,800.0
1413,28,30.0,800.0
1414,28,30.0,800.0
1415,28,30.0,800.0
1416,28,30.0,800.0
1417,28,30.0,800.0
1418,28,30.0,800.0
1419,28,30.0,800.0
1420,28,30.0,800.0
1421,28,30.0,800.0
1422,28,30.0,800.0
1423,28,30.0,800.0
1424,28,30.0,800.0
1425,28,30.0,800.0
1426,28,30.0,800.0
1427,28,30.0,800.0
1428,28,30.0,800.0
1429,28,30.0,800.0
1430,28,30.0,800.0
1431,28,30.0,800.0
1432,28,30.0,800.0
1433,28,30.0,800.0
1434,28,30.0,800.0
1435,28,30.0,800.0
1436,28,30.0,800.0
1437,28,30.0,800.0
1438,28,30.0,800.0
1439,28,30.0,800.0
1440,28,30.0,800.0
1441,28,30.0,800.0
1442,28,30.0,800.0
1443,28,30.0,800.0
1444,28,30.0,800.0
1445,28,30.0,800.0
1446,28,30.0,800.0
1447,28,30.0,800.0
1448,28,30.0,800.0
1449,28,30.0,800.0
1450,29,30.0,800.0
1451,29,30.0,800.0
1452,29,30.0,800.0
1453,29,30.0,800.0
1454,29,30.0,800.0
1455,29,30.0,800.0
1456,29,30.0,800.0
1457,29,30.0,800.0
1458,29,30.0,800.0
1459,29,30.0,800.0
1460,29,30.0,800.0
1461,29,30.0,800.0
1462,29,30.0,800.0
1463,29,30.0,800.0
1464,29,30.0,800.0
1465,29,30.0,800.0
1466,29,30.0,800.0
1467,29,30.0,800.0
1468,29,30.0,800.0
1469,29,30.0,800.0
1470,29,30.0,800.0
1471,29,30.0,800.0
1472,29,30.0,800.0
1473,29,30.0,800.0
1474,29,30.0,800.0
1475,29,30.0,800.0
1476,29,30.0,800.0
1477,29,30.0,800.0
1478,29,30.0,800.0
1479,29,30.0,800.0
1480,29,30.0,800.0
1481,29,30.0,800.0
1482,29,30.0,800.0
1483,29,30.0,800.0
1484,29,30.0,800.0
1485,29,30.0,800.0
1486,29,30.0,800.0
1487,29,30.0,800.0
1488,29,30.0,800.0
1489,29,30.0,800.0
1490,29,30.0,800.0
1491,29,30.0,800.0
1492,29,30.0,800.0
1493,29,30.0,800.0
1494,29,30.0,800.0
1495,29,30.0,800.0
1496,29,30.0,800.0
1497,29,30.0,800.0
1498,29,30.0,800.0
1499,29,30.0,800.0
1500,30,30.0,800.0
1501,30,30.0,800.0
1502,30,30.0,800.0
1503,30,30.0,800.0
1504,30,30.0,800.0
1505,30,30.0,800.0
1506,30,30.0,800.0
1507,30,30.0,800.0
1508,30,30.0,800.0
1509,30,30.0,800.0
1510,30,30.0,800.0
1511,30,30.0,800.0
1512,30,30.0,800.0
1513,30,30.0,800.0
1514,30,30.0,800.0
1515,30,30.0,800.0
1516,30,30.0,800.0
1517,30,30.0,800.0
1518,30,30.0,800.0
1519,30,30.0,800.0
1520,30,30.0,800.0
1521,30,30.0,800.0
1522,30,30.0,800.0
1523,30,30.0,800.0
1524,30,30.0,800.0
1525,30,30.0,800.0
1526,30,30.0,800.0
1527,30,30.0,800.0
1528,30,30.0,800.0
1529,30,30.0,800.0
1530,30,30.0,800.0
1531,30,30.0,800.0
1532,30,30.0,800.0
1533,30,30.0,800.0
1534,30,30.0,800.0
1535,30,30.0,800.0
1536,30,30.0,800.0
1537,30,30.0,800.0
1538,30,30.0,800.0
1539,30,30.0,800.0
1540,30,30.0,800.0
1541,30,30.0,800.0
1542,30,30.0,800.0
1543,30,30.0,800.0
1544,30,30.0,800.0
1545,30,30.0,800.0
1546,30,30.0,800.0
1547,30,30.0,800.0
1548,30,30.0,800.0
1549,30,30.0,800.0
1550,31,30.0,800.0
1551,31,30.0,800.0
1552,31,30.0,800.0
1553,31,30.0,800.0
1554,31,30.0,800.0
1555,31,30.0,800.0
1556,31,30.0,800.0
1557,31,30.0,800.0
1558,31,30.0,800.0
1559,31,30.0,800.0
1560,31,30.0,800.0
1561,31,30.0,800.0
1562,31,30.0,800.0
1563,31,30.0,800.0
1564,31,30.0,800.0
1565,31,30.0,800.0
1566,31,30.0,800.0
1567,31,30.0,800.0
1568,31,30.0,800.0
1569,31,30.0,800.0
1570,31,30.0,800.0
1571,31,30.0,800.0
1572,31,30.0,800.0
1573,31,30.0,800.0
1574,31,30.0,800.0
1575,31,30.0,800.0
1576,31,30.0,800.0
1577,31,30.0,800.0
1578,31,30.0,800.0
1579,31,30.0,800.0
1580,31,30.0,800.0
1581,31,30.0,800.0
1582,31,30.0,800.0
1583,31,30.0,800.0
1584,31,30.0,800.0
1585,31,30.0,800.0
1586,31,30.0,800.0
1587,31,30.0,800.0
1588,31,30.0,800.0
1589,31,30.0,800.0
1590,31,30.0,800.0
1591,31,30.0,800.0
1592,31,30.0,800.0
1593,31,30.0,800.0
1594,31,30.0,800.0
1595,31,30.0,800.0
1596,31,30.0,800.0
1597,31,30.0,800.0
1598,31,30.0,800.0
1599,31,30.0,800.0
1600,32,30.0,800.0
1601,32,30.0,800.0
1602,32,30.0,800.0
1603,32,30.0,800.0
1604,32,30.0,800.0
1605,32,30.0,800.0
1606,32,30.0,800.0
1607,32,30.0,800.0
1608,32,30.0,800.0
1609,32,30.0,800.0
1610,32,30.0,800.0
1611,32,30.0,800.0
1612,32,30.0,800.0
1613,32,30.0,800.0
1614,32,30.0,800.0
1615,32,30.0,800.0
1616,32,30.0,800.0
1617,32,30.0,800.0
1618,32,30.0,800.0
1619,32,30.0,800.0
1620,32,30.0,800.0
1621,32,30.0,800.0
1622,32,30.0,800.0
1623,32,30.0,800.0
1624,32,30.0,800.0
1625,32,30.0,800.0
1626,32,30.0,800.0
1627,32,30.0,800.0
1628,32,30.0,800.0
1629,32,30.0,800.0
1630,32,30.0,800.0
1631,32,30.0,800.0
1632,32,30.0,800.0
1633,32,30.0,800.0
1634,32,30.0,800.0
1635,32,30.0,800.0
1636,32,30.0,800.0
1637,32,30.0,800.0
1638,32,30.0,800.0
1639,32,30.0,800.0
1640,32,30.0,800.0
1641,32,30.0,800.0
1642,32,30.0,800.0
1643,32,30.0,800.0
1644,32,30.0,800.0
1645,32,30.0,800.0
1646,32,30.0,800.0
1647,32,30.0,800.0
1648,32,30.0,800.0
1649,32,30.0,800.0
1650,33,30.0,250.0
1651,33,30.0,250.0
1652,33,30.0,250.0
1653,33,30.0,250.0
1654,33,30.0,250.0
1655,33,30.0,250.0
1656,33,30.0,250.0
1657,33,30.0,250.0
1658,33,30.0,250.0
1659,33,30.0,250.0
1660,33,30.0,250.0
1661,33,30.0,250.0
1662,33,30.0,250.0
1663,33,30.0,250.0
1664,33,30.0,250.0
1665,33,30.0,250.0
1666,33,30.0,250.0
1667,33,30.0,250.0
1668,33,30.0,250.0
1669,33,30.0,250.0
1670,33,30.0,250.0
1671,33,30.0,250.0
1672,33,30.0,250.0
1673,33,30.0,250.0
1674,33,30.0,250.0
1675,33,30.0,250.0
1676,33,30.0,250.0
1677,33,30.0,250.0
1678,33,30.0,250.0
1679,33,30.0,250.0
1680,33,30.0,250.0
1681,33,30.0,250.0
1682,33,30.0,250.0
1683,33,30.0,250.0
1684,33,30.0,250.0
1685,33,30.0,250.0
1686,33,30.0,250.0
1687,33,30.0,250.0
1688,33,30.0,250.0
1689,33,30.0,250.0
1690,33,30.0,250.0
1691,33,30.0,250.0
1692,33,30.0,250.0
1693,33,30.0,250.0
1694,33,30.0,250.0
1695,33,30.0,250.0
1696,33,30.0,250.0
1697,33,30.0,250.0
1698,33,30.0,250.0
1699,33,30.0,250.0
1700,34,30.0,800.0
1701,34,30.0,800.0
1702,34,30.0,800.0
1703,34,30.0,800.0
1704,34,30.0,800.0
1705,34,30.0,800.0
1706,34,30.0,800.0
1707,34,30.0,800.0
1708,34,30.0,800.0
1709,34,30.0,800.0
1710,34,30.0,800.0
1711,34,30.0,800.0
1712,34,30.0,800.0
1713,34,30.0,800.0
1714,34,30.0,800.0
1715,34,30.0,800.0
1716,34,30.0,800.0
1717,34,30.0,800.0
1718,34,30.0,800.0
1719,34,30.0,800.0
1720,34,30.0,800.0
1721,34,30.0,800.0
1722,34,30.0,800.0
1723,34,30.0,800.0
1724,34,30.0,800.0
1725,34,30.0,800.0
1726,34,30.0,800.0
1727,34,30.0,800.0
1728,34,30.0,800.0
1729,34,30.0,800.0
1730,34,30.0,800.0
1731,34,30.0,800.0
1732,34,30.0,800.0
1733,34,30.0,800.0
1734,34,30.0,800.0
1735,34,30.0,800.0
1736,34,30.0,800.0
1737,34,30.0,800.0
1738,34,30.0,800.0
1739,34,30.0,800.0
1740,34,30.0,800.0
1741,34,30.0,800.0
1742,34,30.0,800.0
1743,34,30.0,800.0
1744,34,30.0,800.0
1745,34,30.0,800.0
1746,34,30.0,800.0
1747,34,30.0,800.0
1748,34,30.0,800.0
1749,34,30.0,800.0
1750,35,30.0,800.0
1751,35,30.0,800.0
1752,35,30.0,800.0
1753,35,30.0,800.0
1754,35,30.0,800.0
1755,35,30.0,800.0
1756,35,30.0,800.0
1757,35,30.0,800.0
1758,35,30.0,800.0
1759,35,30.0,800.0
1760,35,30.0,800.0
1761,35,30.0,800.0
1762,35,30.0,800.0
1763,35,30.0,800.0
1764,35,30.0,800.0
1765,35,30.0,800.0
1766,35,30.0,800.0
1767,35,30.0,800.0
1768,35,30.0,800.0
1769,35,30.0,800.0
1770,35,30.0,800.0
1771,35,30.0,800.0
1772,35,30.0,800.0
1773,35,30.0,800.0
1774,35,30.0,800.0
1775,35,30.0,800.0
1776,35,30.0,800.0
1777,35,30.0,800.0
1778,35,30.0,800.0
1779,35,30.0,800.0
1780,35,30.0,800.0
1781,35,30.0,800.0
1782,35,30.0,800.0
1783,35,30.0,800.0
1784,35,30.0,800.0
1785,35,30.0,800.0
1786,35,30.0,800.0
1787,35,30.0,800.0
1788,35,30.0,800.0
1789,35,30.0,800.0
1790,35,30.0,800.0
1791,35,30.0,800.0
1792,35,30.0,800.0
1793,35,30.0,800.0
1794,35,30.0,800.0
1795,35,30.0,800.0
1796,35,30.0,800.0
1797,35,30.0,800.0
1798,35,30.0,800.0
1799,35,30.0,800.0
1800,36,30.0,800.0
1801,36,30.0,800.0
1802,36,30.0,800.0
1803,36,30.0,800.0
1804,36,30.0,800.0
1805,36,30.0,800.0
1806,36,30.0,800.0
1807,36,30.0,800.0
1808,36,30.0,800.0
1809,36,30.0,800.0
1810,36,30.0,800.0
1811,36,30.0,800.0
1812,36,30.0,800.0
1813,36,30.0,800.0
1814,36,30.0,800.0
1815,36,30.0,800.0
1816,36,30.0,800.0
1817,36,30.0,800.0
1818,36,30.0,800.0
1819,36,30.0,800.0
1820,36,30.0,800.0
1821,36,30.0,800.0
1822,36,30.0,800.0
1823,36,30.0,800.0
1824,36,30.0,800.0
1825,36,30.0,800.0
1826,36,30.0,800.0
1827,36,30.0,800.0
1828,36,30.0,800.0
1829,36,30.0,800.0
1830,36,30.0,800.0
1831,36,30.0,800.0
1832,36,30.0,800.0
1833,36,30.0,800.0
1834,36,30.0,800.0
1835,36,30.0,800.0
1836,36,30.0,800.0
1837,36,30.0,800.0
1838,36,30.0,800.0
1839,36,30.0,800.0
1840,36,30.0,800.0
1841,36,30.0,800.0
1842,36,30.0,800.0
1843,36,30.0,800.0
1844,36,30.0,800.0
1845,36,30.0,800.0
1846,36,30.0,800.0
1847,36,30.0,800.0
1848,36,30.0,800.0
1849,36,30.0,800.0
1850,37,30.0,800.0
1851,37,30.0,800.0
1852,37,30.0,800.0
1853,37,30.0,800.0
1854,37,30.0,800.0
1855,37,30.0,800.0
1856,37,30.0,800.0
1857,37,30.0,800.0
1858,37,30.0,800.0
1859,37,30.0,800.0
1860,37,30.0,800.0
1861,37,30.0,800.0
1862,37,30.0,800.0
1863,37,30.0,800.0
1864,37,30.0,800.0
1865,37,30.0,800.0
1866,37,30.0,800.0
1867,37,30.0,800.0
1868,37,30.0,800.0
1869,37,30.0,800.0
1870,37,30.0,800.0
1871,37,30.0,800.0
1872,37,30.0,800.0
1873,37,30.0,800.0
1874,37,30.0,800.0
1875,37,30.0,800.0
1876,37,30.0,800.0
1877,37,30.0,800.0
1878,37,30.0,800.0
1879,37,30.0,800.0
1880,37,30.0,800.0
1881,37,30.0,800.0
1882,37,30.0,800.0
1883,37,30.0,800.0
1884,37,30.0,800.0
1885,37,30.0,800.0
1886,37,30.0,800.0
1887,37,30.0,800.0
1888,37,30.0,800.0
1889,37,30.0,800.0
1890,37,30.0,800.0
1891,37,30.0,800.0
1892,37,30.0,800.0
1893,37,30.0,800.0
1894,37,30.0,800.0
1895,37,30.0,800.0
1896,37,30.0,800.0
1897,37,30.0,800.0
1898,37,30.0,800.0
1899,37,30.0,800.0
1900,38,30.0,800.0
1901,38,30.0,800.0
1902,38,30.0,800.0
1903,38,30.0,800.0
1904,38,30.0,800.0
1905,38,30.0,800.0
1906,38,30.0,800.0
1907,38,30.0,800.0
1908,38,30.0,800.0
1909,38,30.0,800.0
1910,38,30.0,800.0
1911,38,30.0,800.0
1912,38,30.0,800.0
1913,38,30.0,800.0
1914,38,30.0,800.0
1915,38,30.0,800.0
1916,38,30.0,800.0
1917,38,30.0,800.0
1918,38,30.0,800.0
1919,38,30.0,800.0
1920,38,30.0,800.0
1921,38,30.0,800.0
1922,38,30.0,800.0
1923,38,30.0,800.0
1924,38,30.0,800.0
1925,38,30.0,800.0
1926,38,30.0,800.0
1927,38,30.0,800.0
1928,38,30.0,800.0
1929,38,30.0,800.0
1930,38,30.0,800.0
1931,38,30.0,800.0
1932,38,30.0,800.0
1933,38,30.0,800.0
1934,38,30.0,800.0
1935,38,30.0,800.0
1936,38,30.0,800.0
1937,38,30.0,800.0
1938,38,30.0,800.0
1939,38,30.0,800.0
1940,38,30.0,800.0
1941,38,30.0,800.0
1942,38,30.0,800.0
1943,38,30.0,800.0
1944,38,30.0,800.0
1945,38,30.0,800.0
1946,38,30.0,800.0
1947,38,30.0,800.0
1948,38,30.0,800.0
1949,38,30.0,800.0
1950,39,30.0,800.0
1951,39,30.0,800.0
1952,39,30.0,800.0
1953,39,30.0,800.0
1954,39,30.0,800.0
1955,39,30.0,800.0
1956,39,30.0,800.0
1957,39,30.0,800.0
1958,39,30.0,800.0
1959,39,30.0,800.0
1960,39,30.0,800.0
1961,39,30.0,800.0
1962,39,30.0,800.0
1963,39,30.0,800.0
1964,39,30.0,800.0
1965,39,30.0,800.0
1966,39,30.0,800.0
1967,39,30.0,800.0
1968,39,30.0,800.0
1969,39,30.0,800.0
1970,39,30.0,800.0
1971,39,30.0,800.0
1972,39,30.0,800.0
1973,39,30.0,800.0
1974,39,30.0,800.0
1975,39,30.0,800.0
1976,39,30.0,800.0
1977,39,30.0,800.0
1978,39,30.0,800.0
1979,39,30.0,800.0
1980,39,30.0,800.0
1981,39,30.0,800.0
1982,39,30.0,800.0
1983,39,30.0,800.0
1984,39,30.0,800.0
1985,39,30.0,800.0
1986,39,30.0,800.0
1987,39,30.0,800.0
1988,39,30.0,800.0
1989,39,30.0,800.0
1990,39,30.0,800.0
1991,39,30.0,800.0
1992,39,30.0,800.0
1993,39,30.0,800.0
1994,39,30.0,800.0
1995,39,30.0,800.0
1996,39,30.0,800.0
1997,39,30.0,800.0
1998,39,30.0,800.0
1999,39,30.0,800.0
2000,40,30.0,800.0
2001,40,30.0,800.0
2002,40,30.0,800.0
2003,40,30.0,800.0
2004,40,30.0,800.0
2005,40,30.0,800.0
2006,40,30.0,800.0
2007,40,30.0,800.0
2008,40,30.0,800.0
2009,40,30.0,800.0
2010,40,30.0,800.0
2011,40,30.0,800.0
2012,40,30.0,800.0
2013,40,30.0,800.0
2014,40,30.0,800.0
2015,40,30.0,800.0
2016,40,30.0,800.0
2017,40,30.0,800.0
2018,40,30.0,800.0
2019,40,30.0,800.0
2020,40,30.0,800.0
2021,40,30.0,800.0
2022,40,30.0,800.0
2023,40,30.0,800.0
2024,40,30.0,800.0
2025,40,30.0,800.0
2026,40,30.0,800.0
2027,40,30.0,800.0
2028,40,30.0,800.0
2029,40,30.0,800.0
2030,40,30.0,800.0
2031,40,30.0,800.0
2032,40,30.0,800.0
2033,40,30.0,800.0
2034,40,30.0,800.0
2035,40,30.0,800.0
2036,40,30.0,800.0
2037,40,30.0,800.0
2038,40,30.0,800.0
2039,40,30.0,800.0
2040,40,30.0,800.0
2041,40,30.0,800.0
2042,40,30.0,800.0
2043,40,30.0,800.0
2044,40,30.0,800.0
2045,40,30.0,800.0
2046,40,30.0,800.0
2047,40,30.0,800.0
2048,40,30.0,800.0
2049,40,30.0,800.0
2050,41,30.0,800.0
2051,41,30.0,800.0
2052,41,30.0,800.0
2053,41,30.0,800.0
2054,41,30.0,800.0
2055,41,30.0,800.0
2056,41,30.0,800.0
2057,41,30.0,800.0
2058,41,30.0,800.0
2059,41,30.0,800.0
2060,41,30.0,800.0
2061,41,30.0,800.0
2062,41,30.0,800.0
2063,41,30.0,800.0
2064,41,30.0,800.0
2065,41,30.0,800.0
2066,41,30.0,800.0
2067,41,30.0,800.0
2068,41,30.0,800.0
2069,41,30.0,800.0
2070,41,30.0,800.0
2071,41,30.0,800.0
2072,41,30.0,800.0
2073,41,30.0,800.0
2074,41,30.0,800.0
2075,41,30.0,800.0
2076,41,30.0,800.0
2077,41,30.0,800.0
2078,41,30.0,800.0
2079,41,30.0,800.0
2080,41,30.0,800.0
2081,41,30.0,800.0
2082,41,30.0,800.0
2083,41,30.0,800.0
2084,41,30.0,800.0
2085,41,30.0,800.0
2086,41,30.0,800.0
2087,41,30.0,800.0
2088,41,30.0,800.0
2089,41,30.0,800.0
2090,41,30.0,800.0
2091,41,30.0,800.0
2092,41,30.0,800.0
2093,41,30.0,800.0
2094,41,30.0,800.0
2095,41,30.0,800.0
2096,41,30.0,800.0
2097,41,30.0,800.0
2098,41,30.0,800.0
2099,41,30.0,800.0
2100,42,30.0,800.0
2101,42,30.0,800.0
2102,42,30.0,800.0
2103,42,30.0,800.0
2104,42,30.0,800.0
2105,42,30.0,800.0
2106,42,30.0,800.0
2107,42,30.0,800.0
2108,42,30.0,800.0
2109,42,30.0,800.0
2110,42,30.0,800.0
2111,42,30.0,800.0
2112,42,30.0,800.0
2113,42,30.0,800.0
2114,42,30.0,800.0
2115,42,30.0,800.0
2116,42,30.0,800.0
2117,42,30.0,800.0
2118,42,30.0,800.0
2119,42,30.0,800.0
2120,42,30.0,800.0
2121,42,30.0,800.0
2122,42,30.0,800.0
2123,42,30.0,800.0
2124,42,30.0,800.0
2125,42,30.0,800.0
2126,42,30.0,800.0
2127,42,30.0,800.0
2128,42,30.0,800.0
2129,42,30.0,800.0
2130,42,30.0,800.0
2131,42,30.0,800.0
2132,42,30.0,800.0
2133,42,30.0,800.0
2134,42,30.0,800.0
2135,42,30.0,800.0
2136,42,30.0,800.0
2137,42,30.0,800.0
2138,42,30.0,800.0
2139,42,30.0,800.0
2140,42,30.0,800.0
2141,42,30.0,800.0
2142,42,30.0,800.0
2143,42,30.0,800.0
2144,42,30.0,800.0
2145,42,30.0,800.0
2146,42,30.0,800.0
2147,42,30.0,800.0
2148,42,30.0,800.0
2149,42,30.0,800.0
2150,43,30.0,800.0
2151,43,30.0,800.0
2152,43,30.0,800.0
2153,43,30.0,800.0
2154,43,30.0,800.0
2155,43,30.0,800.0
2156,43,30.0,800.0
2157,43,30.0,800.0
2158,43,30.0,800.0
2159,43,30.0,800.0
2160,43,30.0,800.0
2161,43,30.0,800.0
2162,43,30.0,800.0
2163,43,30.0,800.0
2164,43,30.0,800.0
2165,43,30.0,800.0
2166,43,30.0,800.0
2167,43,30.0,800.0
2168,43,30.0,800.0
2169,43,30.0,800.0
2170,43,30.0,800.0
2171,43,30.0,800.0
2172,43,30.0,800.0
2173,43,30.0,800.0
2174,43,30.0,800.0
2175,43,30.0,800.0
2176,43,30.0,800.0
2177,43,30.0,800.0
2178,43,30.0,800.0
2179,43,30.0,800.0
2180,43,30.0,800.0
2181,43,30.0,800.0
2182,43,30.0,800.0
2183,43,30.0,800.0
2184,43,30.0,800.0
2185,43,30.0,800.0
2186,43,30.0,800.0
2187,43,30.0,800.0
2188,43,30.0,800.0
2189,43,30.0,800.0
2190,43,30.0,800.0
2191,43,30.0,800.0
2192,43,30.0,800.0
2193,43,30.0,800.0
2194,43,30.0,800.0
2195,43,30.0,800.0
2196,43,30.0,800.0
2197,43,30.0,800.0
2198,43,30.0,800.0
2199,43,30.0,800.0
2200,44,30.0,800.0
2201,44,30.0,800.0
2202,44,30.0,800.0
2203,44,30.0,800.0
2204,44,30.0,800.0
2205,44,30.0,800.0
2206,44,30.0,800.0
2207,44,30.0,800.0
2208,44,30.0,800.0
2209,44,30.0,800.0
2210,44,30.0,800.0
2211,44,30.0,800.0
2212,44,30.0,800.0
2213,44,30.0,800.0
2214,44,30.0,800.0
2215,44,30.0,800.0
2216,44,30.0,800.0
2217,44,30.0,800.0
2218,44,30.0,800.0
2219,44,30.0,800.0
2220,44,30.0,800.0
2221,44,30.0,800.0
2222,44,30.0,800.0
2223,44,30.0,800.0
2224,44,30.0,800.0
2225,44,30.0,800.0
2226,44,30.0,800.0
2227,44,30.0,800.0
2228,44,30.0,800.0
2229,44,30.0,800.0
2230,44,30.0,800.0
2231,44,30.0,800.0
2232,44,30.0,800.0
2233,44,30.0,800.0
2234,44,30.0,800.0
2235,44,30.0,800.0
2236,44,30.0,800.0
2237,44,30.0,800.0
2238,44,30.0,800.0
2239,44,30.0,800.0
2240,44,30.0,800.0
2241,44,30.0,800.0
2242,44,30.0,800.0
2243,44,30.0,800.0
2244,44,30.0,800.0
2245,44,30.0,800.0
2246,44,30.0,800.0
2247,44,30.0,800.0
2248,44,30.0,800.0
2249,44,30.0,800.0
2250,45,30.0,800.0
2251,45,30.0,800.0
2252,45,30.0,800.0
2253,45,30.0,800.0
2254,45,30.0,800.0
2255,45,30.0,800.0
2256,45,30.0,800.0
2257,45,30.0,800.0
2258,45,30.0,800.0
2259,45,30.0,800.0
2260,45,30.0,800.0
2261,45,30.0,800.0
2262,45,30.0,800.0
2263,45,30.0,800.0
2264,45,30.0,800.0
2265,45,30.0,800.0
2266,45,30.0,800.0
2267,45,30.0,800.0
2268,45,30.0,800.0
2269,45,30.0,800.0
2270,45,30.0,800.0
2271,45,30.0,800.0
2272,45,30.0,800.0
2273,45,30.0,800.0
2274,45,30.0,800.0
2275,45,30.0,800.0
2276,45,30.0,800.0
2277,45,30.0,800.0
2278,45,30.0,800.0
2279,45,30.0,800.0
2280,45,30.0,800.0
2281,45,30.0,800.0
2282,45,30.0,800.0
2283,45,30.0,800.0
2284,45,30.0,800.0
2285,45,30.0,800.0
2286,45,30.0,800.0
2287,45,30.0,800.0
2288,45,30.0,800.0
2289,45,30.0,800.0
2290,45,30.0,800.0
2291,45,30.0,800.0
2292,45,30.0,800.0
2293,45,30.0,800.0
2294,45,30.0,800.0
2295,45,30.0,800.0
2296,45,30.0,800.0
2297,45,30.0,800.0
2298,45,30.0,800.0
2299,45,30.0,800.0
2300,46,30.0,800.0
2301,46,30.0,800.0
2302,46,30.0,800.0
2303,46,30.0,800.0
2304,46,30.0,800.0
2305,46,30.0,800.0
2306,46,30.0,800.0
2307,46,30.0,800.0
2308,46,30.0,800.0
2309,46,30.0,800.0
2310,46,30.0,800.0
2311,46,30.0,800.0
2312,46,30.0,800.0
2313,46,30.0,800.0
2314,46,30.0,800.0
2315,46,30.0,800.0
2316,46,30.0,800.0
2317,46,30.0,800.0
2318,46,30.0,800.0
2319,46,30.0,800.0
2320,46,30.0,800.0
2321,46,30.0,800.0
2322,46,30.0,800.0
2323,46,30.0,800.0
2324,46,30.0,800.0
2325,46,30.0,800.0
2326,46,30.0,800.0
2327,46,30.0,800.0
2328,46,30.0,800.0
2329,46,30.0,800.0
2330,46,30.0,800.0
2331,46,30.0,800.0
2332,46,30.0,800.0
2333,46,30.0,800.0
2334,46,30.0,800.0
2335,46,30.0,800.0
2336,46,30.0,800.0
2337,46,30.0,800.0
2338,46,30.0,800.0
2339,46,30.0,800.0
2340,46,30.0,800.0
2341,46,30.0,800.0
2342,46,30.0,800.0
2343,46,30.0,800.0
2344,46,30.0,800.0
2345,46,30.0,800.0
2346,46,30.0,800.0
2347,46,30.0,800.0
2348,46,30.0,800.0
2349,46,30.0,800.0
2350,47,30.0,800.0
2351,47,30.0,800.0
2352,47,30.0,800.0
2353,47,30.0,800.0
2354,47,30.0,800.0
2355,47,30.0,800.0
2356,47,30.0,800.0
2357,47,30.0,800.0
2358,47,30.0,800.0
2359,47,30.0,800.0
2360,47,30.0,800.0
2361,47,30.0,800.0
2362,47,30.0,800.0
2363,47,30.0,800.0
2364,47,30.0,800.0
2365,47,30.0,800.0
2366,47,30.0,800.0
2367,47,30.0,800.0
2368,47,30.0,800.0
2369,47,30.0,800.0
2370,47,30.0,800.0
2371,47,30.0,800.0
2372,47,30.0,800.0
2373,47,30.0,800.0
2374,47,30.0,800.0
2375,47,30.0,800.0
2376,47,30.0,800.0
2377,47,30.0,800.0
2378,47,30.0,800.0
2379,47,30.0,800.0
2380,47,30.0,800.0
2381,47,30.0,800.0
2382,47,30.0,800.0
2383,47,30.0,800.0
2384,47,30.0,800.0
2385,47,30.0,800.0
2386,47,30.0,800.0
2387,47,30.0,800.0
2388,47,30.0,800.0
2389,47,30.0,800.0
2390,47,30.0,800.0
2391,47,30.0,800.0
2392,47,30.0,800.0
2393,47,30.0,800.0
2394,47,30.0,800.0
2395,47,30.0,800.0
2396,47,30.0,800.0
2397,47,30.0,800.0
2398,47,30.0,800.0
2399,47,30.0,800.0
2400,48,30.0,800.0
2401,48,30.0,800.0
2402,48,30.0,800.0
2403,48,30.0,800.0
2404,48,30.0,800.0
2405,48,30.0,800.0
2406,48,30.0,800.0
2407,48,30.0,800.0
2408,48,30.0,800.0
2409,48,30.0,800.0
2410,48,30.0,800.0
2411,48,30.0,800.0
2412,48,30.0,800.0
2413,48,30.0,800.0
2414,48,30.0,800.0
2415,48,30.0,800.0
2416,48,30.0,800.0
2417,48,30.0,800.0
2418,48,30.0,800.0
2419,48,30.0,800.0
2420,48,30.0,800.0
2421,48,30.0,800.0
2422,48,30.0,800.0
2423,48,30.0,800.0
2424,48,30.0,800.0
2425,48,30.0,800.0
2426,48,30.0,800.0
2427,48,30.0,800.0
2428,48,30.0,800.0
2429,48,30.0,800.0
2430,48,30.0,800.0
2431,48,30.0,800.0
2432,48,30.0,800.0
2433,48,30.0,800.0
2434,48,30.0,800.0
2435,48,30.0,800.0
2436,48,30.0,800.0
2437,48,30.0,800.0
2438,48,30.0,800.0
2439,48,30.0,800.0
2440,48,30.0,800.0
2441,48,30.0,800.0
2442,48,30.0,800.0
2443,48,30.0,800.0
2444,48,30.0,800.0
2445,48,30.0,800.0
2446,48,30.0,800.0
2447,48,30.0,800.0
2448,48,30.0,800.0
2449,48,30.0,800.0
2450,49,30.0,800.0
2451,49,30.0,800.0
2452,49,30.0,800.0
2453,49,30.0,800.0
2454,49,30.0,800.0
2455,49,30.0,800.0
2456,49,30.0,800.0
2457,49,30.0,800.0
2458,49,30.0,800.0
2459,49,30.0,800.0
2460,49,30.0,800.0
2461,49,30.0,800.0
2462,49,30.0,800.0
2463,49,30.0,800.0
2464,49,30.0,800.0
2465,49,30.0,800.0
2466,49,30.0,800.0
2467,49,30.0,800.0
2468,49,30.0,800.0
2469,49,30.0,800.0
2470,49,30.0,800.0
2471,49,30.0,800.0
2472,49,30.0,800.0
2473,49,30.0,800.0
2474,49,30.0,800.0
2475,49,30.0,800.0
2476,49,30.0,800.0
2477,49,30.0,800.0
2478,49,30.0,800.0
2479,49,30.0,800.0
2480,49,30.0,800.0
2481,49,30.0,800.0
2482,49,30.0,800.0
2483,49,30.0,800.0
2484,49,30.0,800.0
2485,49,30.0,800.0
2486,49,30.0,800.0
2487,49,30.0,800.0
2488,49,30.0,800.0
2489,49,30.0,800.0
2490,49,30.0,800.0
2491,49,30.0,800.0
2492,49,30.0,800.0
2493,49,30.0,800.0
2494,49,30.0,800.0
2495,49,30.0,800.0
2496,49,30.0,800.0
2497,49,30.0,800.0
2498,49,30.0,800.0
2499,49,30.0,800.0
2500,50,30.0,800.0
2501,50,30.0,800.0
2502,50,30.0,800.0
2503,50,30.0,800.0
2504,50,30.0,800.0
2505,50,30.0,800.0
2506,50,30.0,800.0
2507,50,30.0,800.0
2508,50,30.0,800.0
2509,50,30.0,800.0
2510,50,30.0,800.0
2511,50,30.0,800.0
2512,50,30.0,800.0
2513,50,30.0,800.0
2514,50,30.0,800.0
2515,50,30.0,800.0
2516,50,30.0,800.0
2517,50,30.0,800.0
2518,50,30.0,800.0
2519,50,30.0,800.0
2520,50,30.0,800.0
2521,50,30.0,800.0
2522,50,30.0,800.0
2523,50,30.0,800.0
2524,50,30.0,800.0
2525,50,30.0,800.0
2526,50,30.0,800.0
2527,50,30.0,800.0
2528,50,30.0,800.0
2529,50,30.0,800.0
2530,50,30.0,800.0
2531,50,30.0,800.0
2532,50,30.0,800.0
2533,50,30.0,800.0
2534,50,30.0,800.0
2535,50,30.0,800.0
2536,50,30.0,800.0
2537,50,30.0,800.0
2538,50,30.0,800.0
2539,50,30.0,800.0
2540,50,30.0,800.0
2541,50,30.0,800.0
2542,50,30.0,800.0
2543,50,30.0,800.0
2544,50,30.0,800.0
2545,50,30.0,800.0
2546,50,30.0,800.0
2547,50,30.0,800.0
2548,50,30.0,800.0
2549,50,30.0,800.0
2550,51,30.0,800.0
2551,51,30.0,800.0
2552,51,30.0,800.0
2553,51,30.0,800.0
2554,51,30.0,800.0
2555,51,30.0,800.0
2556,51,30.0,800.0
2557,51,30.0,800.0
2558,51,30.0,800.0
2559,51,30.0,800.0
2560,51,30.0,800.0
2561,51,30.0,800.0
2562,51,30.0,800.0
2563,51,30.0,800.0
2564,51,30.0,800.0
2565,51,30.0,800.0
2566,51,30.0,800.0
2567,51,30.0,800.0
2568,51,30.0,800.0
2569,51,30.0,800.0
2570,51,30.0,800.0
2571,51,30.0,800.0
2572,51,30.0,800.0
2573,51,30.0,800.0
2574,51,30.0,800.0
2575,51,30.0,800.0
2576,51,30.0,800.0
2577,51,30.0,800.0
2578,51,30.0,800.0
2579,51,30.0,800.0
2580,51,30.0,800.0
2581,51,30.0,800.0
2582,51,30.0,800.0
2583,51,30.0,800.0
2584,51,30.0,800.0
2585,51,30.0,800.0
2586,51,30.0,800.0
2587,51,30.0,800.0
2588,51,30.0,800.0
2589,51,30.0,800.0
2590,51,30.0,800.0
2591,51,30.0,800.0
2592,51,30.0,800.0
2593,51,30.0,800.0
2594,51,30.0,800.0
2595,51,30.0,800.0
2596,51,30.0,800.0
2597,51,30.0,800.0
2598,51,30.0,800.0
2599,51,30.0,800.0
2600,52,30.0,800.0
2601,52,30.0,800.0
2602,52,30.0,800.0
2603,52,30.0,800.0
2604,52,30.0,800.0
2605,52,30.0,800.0
2606,52,30.0,800.0
2607,52,30.0,800.0
2608,52,30.0,800.0
2609,52,30.0,800.0
2610,52,30.0,800.0
2611,52,30.0,800.0
2612,52,30.0,800.0
2613,52,30.0,800.0
2614,52,30.0,800.0
2615,52,30.0,800.0
2616,52,30.0,800.0
2617,52,30.0,800.0
2618,52,30.0,800.0
2619,52,30.0,800.0
2620,52,30.0,800.0
2621,52,30.0,800.0
2622,52,30.0,800.0
2623,52,30.0,800.0
2624,52,30.0,800.0
2625,52,30.0,800.0
2626,52,30.0,800.0
2627,52,30.0,800.0
2628,52,30.0,800.0
2629,52,30.0,800.0
2630,52,30.0,800.0
2631,52,30.0,800.0
2632,52,30.0,800.0
2633,52,30.0,800.0
2634,52,30.0,800.0
2635,52,30.0,800.0
2636,52,30.0,800.0
2637,52,30.0,800.0
2638,52,30.0,800.0
2639,52,30.0,800.0
2640,52,30.0,800.0
2641,52,30.0,800.0
2642,52,30.0,800.0
2643,52,30.0,800.0
2644,52,30.0,800.0
2645,52,30.0,800.0
2646,52,30.0,800.0
2647,52,30.0,800.0
2648,52,30.0,800.0
2649,52,30.0,800.0
2650,53,30.0,800.0
2651,53,30.0,800.0
2652,53,30.0,800.0
2653,53,30.0,800.0
2654,53,30.0,800.0
2655,53,30.0,800.0
2656,53,30.0,800.0
2657,53,30.0,800.0
2658,53,30.0,800.0
2659,53,30.0,800.0
2660,53,30.0,800.0
2661,53,30.0,800.0
2662,53,30.0,800.0
2663,53,30.0,800.0
2664,53,30.0,800.0
2665,53,30.0,800.0
2666,53,30.0,800.0
2667,53,30.0,800.0
2668,53,30.0,800.0
2669,53,30.0,800.0
2670,53,30.0,800.0
2671,53,30.0,800.0
2672,53,30.0,800.0
2673,53,30.0,800.0
2674,53,30.0,800.0
2675,53,30.0,800.0
2676,53,30.0,800.0
2677,53,30.0,800.0
2678,53,30.0,800.0
2679,53,30.0,800.0
2680,53,30.0,800.0
2681,53,30.0,800.0
2682,53,30.0,800.0
2683,53,30.0,800.0
2684,53,30.0,800.0
2685,53,30.0,800.0
2686,53,30.0,800.0
2687,53,30.0,800.0
2688,53,30.0,800.0
2689,53,30.0,800.0
2690,53,30.0,800.0
2691,53,30.0,800.0
2692,53,30.0,800.0
2693,53,30.0,800.0
2694,53,30.0,800.0
2695,53,30.0,800.0
2696,53,30.0,800.0
2697,53,30.0,800.0
2698,53,30.0,800.0
2699,53,30.0,800.0
2700,54,30.0,800.0
2701,54,30.0,800.0
2702,54,30.0,800.0
2703,54,30.0,800.0
2704,54,30.0,800.0
2705,54,30.0,800.0
2706,54,30.0,800.0
2707,54,30.0,800.0
2708,54,30.0,800.0
2709,54,30.0,800.0
2710,54,30.0,800.0
2711,54,30.0,800.0
2712,54,30.0,800.0
2713,54,30.0,800.0
2714,54,30.0,800.0
2715,54,30.0,800.0
2716,54,30.0,800.0
2717,54,30.0,800.0
2718,54,30.0,800.0
2719,54,30.0,800.0
2720,54,30.0,800.0
2721,54,30.0,800.0
2722,54,30.0,800.0
2723,54,30.0,800.0
2724,54,30.0,800.0
2725,54,30.0,800.0
2726,54,30.0,800.0
2727,54,30.0,800.0
2728,54,30.0,800.0
2729,54,30.0,800.0
2730,54,30.0,800.0
2731,54,30.0,800.0
2732,54,30.0,800.0
2733,54,30.0,800.0
2734,54,30.0,800.0
2735,54,30.0,800.0
2736,54,30.0,800.0
2737,54,30.0,800.0
2738,54,30.0,800.0
2739,54,30.0,800.0
2740,54,30.0,800.0
2741,54,30.0,800.0
2742,54,30.0,800.0
2743,54,30.0,800.0
2744,54,30.0,800.0
2745,54,30.0,800.0
2746,54,30.0,800.0
2747,54,30.0,800.0
2748,54,30.0,800.0
2749,54,30.0,800.0
2750,55,30.0,300.0
2751,55,30.0,300.0
2752,55,30.0,300.0
2753,55,30.0,300.0
2754,55,30.0,300.0
2755,55,30.0,300.0
2756,55,30.0,300.0
2757,55,30.0,300.0
2758,55,30.0,300.0
2759,55,30.0,300.0
2760,55,30.0,300.0
2761,55,30.0,300.0
2762,55,30.0,300.0
2763,55,30.0,300.0
2764,55,30.0,300.0
2765,55,30.0,300.0
2766,55,30.0,300.0
2767,55,30.0,300.0
2768,55,30.0,300.0
2769,55,30.0,300.0
2770,55,30.0,300.0
2771,55,30.0,300.0
2772,55,30.0,300.0
2773,55,30.0,300.0
2774,55,30.0,300.0
2775,55,30.0,300.0
2776,55,30.0,300.0
2777,55,30.0,300.0
2778,55,30.0,300.0
2779,55,30.0,300.0
2780,55,30.0,300.0
2781,55,30.0,300.0
2782,55,30.0,300.0
2783,55,30.0,300.0
2784,55,30.0,300.0
2785,55,30.0,300.0
2786,55,30.0,300.0
2787,55,30.0,300.0
2788,55,30.0,300.0
2789,55,30.0,300.0
2790,55,30.0,300.0
2791,55,30.0,300.0
2792,55,30.0,300.0
2793,55,30.0,300.0
2794,55,30.0,300.0
2795,55,30.0,300.0
2796,55,30.0,300.0
2797,55,30.0,300.0
2798,55,30.0,300.0
2799,55,30.0,300.0
2800,56,30.0,800.0
2801,56,30.0,800.0
2802,56,30.0,800.0
2803,56,30.0,800.0
2804,56,30.0,800.0
2805,56,30.0,800.0
2806,56,30.0,800.0
2807,56,30.0,800.0
2808,56,30.0,800.0
2809,56,30.0,800.0
2810,56,30.0,800.0
2811,56,30.0,800.0
2812,56,30.0,800.0
2813,56,30.0,800.0
2814,56,30.0,800.0
2815,56,30.0,800.0
2816,56,30.0,800.0
2817,56,30.0,800.0
2818,56,30.0,800.0
2819,56,30.0,800.0
2820,56,30.0,800.0
2821,56,30.0,800.0
2822,56,30.0,800.0
2823,56,30.0,800.0
2824,56,30.0,800.0
2825,56,30.0,800.0
2826,56,30.0,800.0
2827,56,30.0,800.0
2828,56,30.0,800.0
2829,56,30.0,800.0
2830,56,30.0,800.0
2831,56,30.0,800.0
2832,56,30.0,800.0
2833,56,30.0,800.0
2834,56,30.0,800.0
2835,56,30.0,800.0
2836,56,30.0,800.0
2837,56,30.0,800.0
2838,56,30.0,800.0
2839,56,30.0,800.0
2840,56,30.0,800.0
2841,56,30.0,800.0
2842,56,30.0,800.0
2843,56,30.0,800.0
2844,56,30.0,800.0
2845,56,30.0,800.0
2846,56,30.0,800.0
2847,56,30.0,800.0
2848,56,30.0,800.0
2849,56,30.0,800.0
2850,57,30.0,800.0
2851,57,30.0,800.0
2852,57,30.0,800.0
2853,57,30.0,800.0
2854,57,30.0,800.0
2855,57,30.0,800.0
2856,57,30.0,800.0
2857,57,30.0,800.0
2858,57,30.0,800.0
2859,57,30.0,800.0
2860,57,30.0,800.0
2861,57,30.0,800.0
2862,57,30.0,800.0
2863,57,30.0,800.0
2864,57,30.0,800.0
2865,57,30.0,800.0
2866,57,30.0,800.0
2867,57,30.0,800.0
2868,57,30.0,800.0
2869,57,30.0,800.0
2870,57,30.0,800.0
2871,57,30.0,800.0
2872,57,30.0,800.0
2873,57,30.0,800.0
2874,57,30.0,800.0
2875,57,30.0,800.0
2876,57,30.0,800.0
2877,57,30.0,800.0
2878,57,30.0,800.0
2879,57,30.0,800.0
2880,57,30.0,800.0
2881,57,30.0,800.0
2882,57,30.0,800.0
2883,57,30.0,800.0
2884,57,30.0,800.0
2885,57,30.0,800.0
2886,57,30.0,800.0
2887,57,30.0,800.0
2888,57,30.0,800.0
2889,57,30.0,800.0
2890,57,30.0,800.0
2891,57,30.0,800.0
2892,57,30.0,800.0
2893,57,30.0,800.0
2894,57,30.0,800.0
2895,57,30.0,800.0
2896,57,30.0,800.0
2897,57,30.0,800.0
2898,57,30.0,800.0
2899,57,30.0,800.0
2900,58,30.0,800.0
2901,58,30.0,800.0
2902,58,30.0,800.0
2903,58,30.0,800.0
2904,58,30.0,800.0
2905,58,30.0,800.0
2906,58,30.0,800.0
2907,58,30.0,800.0
2908,58,30.0,800.0
2909,58,30.0,800.0
2910,58,30.0,800.0
2911,58,30.0,800.0
2912,58,30.0,800.0
2913,58,30.0,800.0
2914,58,30.0,800.0
2915,58,30.0,800.0
2916,58,30.0,800.0
2917,58,30.0,800.0
2918,58,30.0,800.0
2919,58,30.0,800.0
2920,58,30.0,800.0
2921,58,30.0,800.0
2922,58,30.0,800.0
2923,58,30.0,800.0
2924,58,30.0,800.0
2925,58,30.0,800.0
2926,58,30.0,800.0
2927,58,30.0,800.0
2928,58,30.0,800.0
2929,58,30.0,800.0
2930,58,30.0,800.0
2931,58,30.0,800.0
2932,58,30.0,800.0
2933,58,30.0,800.0
2934,58,30.0,800.0
2935,58,30.0,800.0
2936,58,30.0,800.0
2937,58,30.0,800.0
2938,58,30.0,800.0
2939,58,30.0,800.0
2940,58,30.0,800.0
2941,58,30.0,800.0
2942,58,30.0,800.0
2943,58,30.0,800.0
2944,58,30.0,800.0
2945,58,30.0,800.0
2946,58,30.0,800.0
2947,58,30.0,800.0
2948,58,30.0,800.0
2949,58,30.0,800.0
2950,59,30.0,800.0
2951,59,30.0,800.0
2952,59,30.0,800.0
2953,59,30.0,800.0
2954,59,30.0,800.0
2955,59,30.0,800.0
2956,59,30.0,800.0
2957,59,30.0,800.0
2958,59,30.0,800.0
2959,59,30.0,800.0
2960,59,30.0,800.0
2961,59,30.0,800.0
2962,59,30.0,800.0
2963,59,30.0,800.0
2964,59,30.0,800.0
2965,59,30.0,800.0
2966,59,30.0,800.0
2967,59,30.0,800.0
2968,59,30.0,800.0
2969,59,30.0,800.0
2970,59,30.0,800.0
2971,59,30.0,800.0
2972,59,30.0,800.0
2973,59,30.0,800.0
2974,59,30.0,800.0
2975,59,30.0,800.0
2976,59,30.0,800.0
2977,59,30.0,800.0
2978,59,30.0,800.0
2979,59,30.0,800.0
2980,59,30.0,800.0
2981,59,30.0,800.0
2982,59,30.0,800.0
2983,59,30.0,800.0
2984,59,30.0,800.0
2985,59,30.0,800.0
2986,59,30.0,800.0
2987,59,30.0,800.0
2988,59,30.0,800.0
2989,59,30.0,800.0
2990,59,30.0,800.0
2991,59,30.0,800.0
2992,59,30.0,800.0
2993,59,30.0,800.0
2994,59,30.0,800.0
2995,59,30.0,800.0
2996,59,30.0,800.0
2997,59,30.0,800.0
2998,59,30.0,800.0
2999,59,30.0,800.0
3000,60,30.0,800.0
3001,60,30.0,800.0
3002,60,30.0,800.0
3003,60,30.0,800.0
3004,60,30.0,800.0
3005,60,30.0,800.0
3006,60,30.0,800.0
3007,60,30.0,800.0
3008,60,30.0,800.0
3009,60,30.0,800.0
3010,60,30.0,800.0
3011,60,30.0,800.0
3012,60,30.0,800.0
3013,60,30.0,800.0
3014,60,30.0,800.0
3015,60,30.0,800.0
3016,60,30.0,800.0
3017,60,30.0,800.0
3018,60,30.0,800.0
3019,60,30.0,800.0
3020,60,30.0,800.0
3021,60,30.0,800.0
3022,60,30.0,800.0
3023,60,30.0,800.0
3024,60,30.0,800.0
3025,60,30.0,800.0
3026,60,30.0,800.0
3027,60,30.0,800.0
3028,60,30.0,800.0
3029,60,30.0,800.0
3030,60,30.0,800.0
3031,60,30.0,800.0
3032,60,30.0,800.0
3033,60,30.0,800.0
3034,60,30.0,800.0
3035,60,30.0,800.0
3036,60,30.0,800.0
3037,60,30.0,800.0
3038,60,30.0,800.0
3039,60,30.0,800.0
3040,60,30.0,800.0
3041,60,30.0,800.0
3042,60,30.0,800.0
3043,60,30.0,800.0
3044,60,30.0,800.0
3045,60,30.0,800.0
3046,60,30.0,800.0
3047,60,30.0,800.0
3048,60,30.0,800.0
3049,60,30.0,800.0
3050,61,30.0,800.0
3051,61,30.0,800.0
3052,61,30.0,800.0
3053,61,30.0,800.0
3054,61,30.0,800.0
3055,61,30.0,800.0
3056,61,30.0,800.0
3057,61,30.0,800.0
3058,61,30.0,800.0
3059,61,30.0,800.0
3060,61,30.0,800.0
3061,61,30.0,800.0
3062,61,30.0,800.0
3063,61,30.0,800.0
3064,61,30.0,800.0
3065,61,30.0,800.0
3066,61,30.0,800.0
3067,61,30.0,800.0
3068,61,30.0,800.0
3069,61,30.0,800.0
3070,61,30.0,800.0
3071,61,30.0,800.0
3072,61,30.0,800.0
3073,61,30.0,800.0
3074,61,30.0,800.0
3075,61,30.0,800.0
3076,61,30.0,800.0
3077,61,30.0,800.0
3078,61,30.0,800.0
3079,61,30.0,800.0
3080,61,30.0,800.0
3081,61,30.0,800.0
3082,61,30.0,800.0
3083,61,30.0,800.0
3084,61,30.0,800.0
3085,61,30.0,800.0
3086,61,30.0,800.0
3087,61,30.0,800.0
3088,61,30.0,800.0
3089,61,30.0,800.0
3090,61,30.0,800.0
3091,61,30.0,800.0
3092,61,30.0,800.0
3093,61,30.0,800.0
3094,61,30.0,800.0
3095,61,30.0,800.0
3096,61,30.0,800.0
3097,61,30.0,800.0
3098,61,30.0,800.0
3099,61,30.0,800.0
3100,62,30.0,800.0
3101,62,30.0,800.0
3102,62,30.0,800.0
3103,62,30.0,800.0
3104,62,30.0,800.0
3105,62,30.0,800.0
3106,62,30.0,800.0
3107,62,30.0,800.0
3108,62,30.0,800.0
3109,62,30.0,800.0
3110,62,30.0,800.0
3111,62,30.0,800.0
3112,62,30.0,800.0
3113,62,30.0,800.0
3114,62,30.0,800.0
3115,62,30.0,800.0
3116,62,30.0,800.0
3117,62,30.0,800.0
3118,62,30.0,800.0
3119,62,30.0,800.0
3120,62,30.0,800.0
3121,62,30.0,800.0
3122,62,30.0,800.0
3123,62,30.0,800.0
3124,62,30.0,800.0
3125,62,30.0,800.0
3126,62,30.0,800.0
3127,62,30.0,800.0
3128,62,30.0,800.0
3129,62,30.0,800.0
3130,62,30.0,800.0
3131,62,30.0,800.0
3132,62,30.0,800.0
3133,62,30.0,800.0
3134,62,30.0,800.0
3135,62,30.0,800.0
3136,62,30.0,800.0
3137,62,30.0,800.0
3138,62,30.0,800.0
3139,62,30.0,800.0
3140,62,30.0,800.0
3141,62,30.0,800.0
3142,62,30.0,800.0
3143,62,30.0,800.0
3144,62,30.0,800.0
3145,62,30.0,800.0
3146,62,30.0,800.0
3147,62,30.0,800.0
3148,62,30.0,800.0
3149,62,30.0,800.0
3150,63,30.0,800.0
3151,63,30.0,800.0
3152,63,30.0,800.0
3153,63,30.0,800.0
3154,63,30.0,800.0
3155,63,30.0,800.0
3156,63,30.0,800.0
3157,63,30.0,800.0
3158,63,30.0,800.0
3159,63,30.0,800.0
3160,63,30.0,800.0
3161,63,30.0,800.0
3162,63,30.0,800.0
3163,63,30.0,800.0
3164,63,30.0,800.0
3165,63,30.0,800.0
3166,63,30.0,800.0
3167,63,30.0,800.0
3168,63,30.0,800.0
3169,63,30.0,800.0
3170,63,30.0,800.0
3171,63,30.0,800.0
3172,63,30.0,800.0
3173,63,30.0,800.0
3174,63,30.0,800.0
3175,63,30.0,800.0
3176,63,30.0,800.0
3177,63,30.0,800.0
3178,63,30.0,800.0
3179,63,30.0,800.0
3180,63,30.0,800.0
3181,63,30.0,800.0
3182,63,30.0,800.0
3183,63,30.0,800.0
3184,63,30.0,800.0
3185,63,30.0,800.0
3186,63,30.0,800.0
3187,63,30.0,800.0
3188,63,30.0,800.0
3189,63,30.0,800.0
3190,63,30.0,800.0
3191,63,30.0,800.0
3192,63,30.0,800.0
3193,63,30.0,800.0
3194,63,30.0,800.0
3195,63,30.0,800.0
3196,63,30.0,800.0
3197,63,30.0,800.0
3198,63,30.0,800.0
3199,63,30.0,800.0
3200,64,30.0,800.0
3201,64,30.0,800.0
3202,64,30.0,800.0
3203,64,30.0,800.0
3204,64,30.0,800.0
3205,64,30.0,800.0
3206,64,30.0,800.0
3207,64,30.0,800.0
3208,64,30.0,800.0
3209,64,30.0,800.0
3210,64,30.0,800.0
3211,64,30.0,800.0
3212,64,30.0,800.0
3213,64,30.0,800.0
3214,64,30.0,800.0
3215,64,30.0,800.0
3216,64,30.0,800.0
3217,64,30.0,800.0
3218,64,30.0,800.0
3219,64,30.0,800.0
3220,64,30.0,800.0
3221,64,30.0,800.0
3222,64,30.0,800.0
3223,64,30.0,800.0
3224,64,30.0,800.0
3225,64,30.0,800.0
3226,64,30.0,800.0
3227,64,30.0,800.0
3228,64,30.0,800.0
3229,64,30.0,800.0
3230,64,30.0,800.0
3231,64,30.0,800.0
3232,64,30.0,800.0
3233,64,30.0,800.0
3234,64,30.0,800.0
3235,64,30.0,800.0
3236,64,30.0,800.0
3237,64,30.0,800.0
3238,64,30.0,800.0
3239,64,30.0,800.0
3240,64,30.0,800.0
3241,64,30.0,800.0
3242,64,30.0,800.0
3243,64,30.0,800.0
3244,64,30.0,800.0
3245,64,30.0,800.0
3246,64,30.0,800.0
3247,64,30.0,800.0
3248,64,30.0,800.0
3249,64,30.0,800.0
3250,65,30.0,800.0
3251,65,30.0,800.0
3252,65,30.0,800.0
3253,65,30.0,800.0
3254,65,30.0,800.0
3255,65,30.0,800.0
3256,65,30.0,800.0
3257,65,30.0,800.0
3258,65,30.0,800.0
3259,65,30.0,800.0
3260,65,30.0,800.0
3261,65,30.0,800.0
3262,65,30.0,800.0
3263,65,30.0,800.0
3264,65,30.0,800.0
3265,65,30.0,800.0
3266,65,30.0,800.0
3267,65,30.0,800.0
3268,65,30.0,800.0
3269,65,30.0,800.0
3270,65,30.0,800.0
3271,65,30.0,800.0
3272,65,30.0,800.0
3273,65,30.0,800.0
3274,65,30.0,800.0
3275,65,30.0,800.0
3276,65,30.0,800.0
3277,65,30.0,800.0
3278,65,30.0,800.0
3279,65,30.0,800.0
3280,65,30.0,800.0
3281,65,30.0,800.0
3282,65,30.0,800.0
3283,65,30.0,800.0
3284,65,30.0,800.0
3285,65,30.0,800.0
3286,65,30.0,800.0
3287,65,30.0,800.0
3288,65,30.0,800.0
3289,65,30.0,800.0
3290,65,30.0,800.0
3291,65,30.0,800.0
3292,65,30.0,800.0
3293,65,30.0,800.0
3294,65,30.0,800.0
3295,65,30.0,800.0
3296,65,30.0,800.0
3297,65,30.0,800.0
3298,65,30.0,800.0
3299,65,30.0,800.0
3300,66,30.0,800.0
3301,66,30.0,800.0
3302,66,30.0,800.0
3303,66,30.0,800.0
3304,66,30.0,800.0
3305,66,30.0,800.0
3306,66,30.0,800.0
3307,66,30.0,800.0
3308,66,30.0,800.0
3309,66,30.0,800.0
3310,66,30.0,800.0
3311,66,30.0,800.0
3312,66,30.0,800.0
3313,66,30.0,800.0
3314,66,30.0,800.0
3315,66,30.0,800.0
3316,66,30.0,800.0
3317,66,30.0,800.0
3318,66,30.0,800.0
3319,66,30.0,800.0
3320,66,30.0,800.0
3321,66,30.0,800.0
3322,66,30.0,800.0
3323,66,30.0,800.0
3324,66,30.0,800.0
3325,66,30.0,800.0
3326,66,30.0,800.0
3327,66,30.0,800.0
3328,66,30.0,800.0
3329,66,30.0,800.0
3330,66,30.0,800.0
3331,66,30.0,800.0
3332,66,30.0,800.0
3333,66,30.0,800.0
3334,66,30.0,800.0
3335,66,30.0,800.0
3336,66,30.0,800.0
3337,66,30.0,800.0
3338,66,30.0,800.0
3339,66,30.0,800.0
3340,66,30.0,800.0
3341,66,30.0,800.0
3342,66,30.0,800.0
3343,66,30.0,800.0
3344,66,30.0,800.0
3345,66,30.0,800.0
3346,66,30.0,800.0
3347,66,30.0,800.0
3348,66,30.0,800.0
3349,66,30.0,800.0
3350,67,30.0,800.0
3351,67,30.0,800.0
3352,67,30.0,800.0
3353,67,30.0,800.0
3354,67,30.0,800.0
3355,67,30.0,800.0
3356,67,30.0,800.0
3357,67,30.0,800.0
3358,67,30.0,800.0
3359,67,30.0,800.0
3360,67,30.0,800.0
3361,67,30.0,800.0
3362,67,30.0,800.0
3363,67,30.0,800.0
3364,67,30.0,800.0
3365,67,30.0,800.0
3366,67,30.0,800.0
3367,67,30.0,800.0
3368,67,30.0,800.0
3369,67,30.0,800.0
3370,67,30.0,800.0
3371,67,30.0,800.0
3372,67,30.0,800.0
3373,67,30.0,800.0
3374,67,30.0,800.0
3375,67,30.0,800.0
3376,67,30.0,800.0
3377,67,30.0,800.0
3378,67,30.0,800.0
3379,67,30.0,800.0
3380,67,30.0,800.0
3381,67,30.0,800.0
3382,67,30.0,800.0
3383,67,30.0,800.0
3384,67,30.0,800.0
3385,67,30.0,800.0
3386,67,30.0,800.0
3387,67,30.0,800.0
3388,67,30.0,800.0
3389,67,30.0,800.0
3390,67,30.0,800.0
3391,67,30.0,800.0
3392,67,30.0,800.0
3393,67,30.0,800.0
3394,67,30.0,800.0
3395,67,30.0,800.0
3396,67,30.0,800.0
3397,67,30.0,800.0
3398,67,30.0,800.0
3399,67,30.0,800.0
3400,68,30.0,800.0
3401,68,30.0,800.0
3402,68,30.0,800.0
3403,68,30.0,800.0
3404,68,30.0,800.0
3405,68,30.0,800.0
3406,68,30.0,800.0
3407,68,30.0,800.0
3408,68,30.0,800.0
3409,68,30.0,800.0
3410,68,30.0,800.0
3411,68,30.0,800.0
3412,68,30.0,800.0
3413,68,30.0,800.0
3414,68,30.0,800.0
3415,68,30.0,800.0
3416,68,30.0,800.0
3417,68,30.0,800.0
3418,68,30.0,800.0
3419,68,30.0,800.0
3420,68,30.0,800.0
3421,68,30.0,800.0
3422,68,30.0,800.0
3423,68,30.0,800.0
3424,68,30.0,800.0
3425,68,30.0,800.0
3426,68,30.0,800.0
3427,68,30.0,800.0
3428,68,30.0,800.0
3429,68,30.0,800.0
3430,68,30.0,800.0
3431,68,30.0,800.0
3432,68,30.0,800.0
3433,68,30.0,800.0
3434,68,30.0,800.0
3435,68,30.0,800.0
3436,68,30.0,800.0
3437,68,30.0,800.0
3438,68,30.0,800.0
3439,68,30.0,800.0
3440,68,30.0,800.0
3441,68,30.0,800.0
3442,68,30.0,800.0
3443,68,30.0,800.0
3444,68,30.0,800.0
3445,68,30.0,800.0
3446,68,30.0,800.0
3447,68,30.0,800.0
3448,68,30.0,800.0
3449,68,30.0,800.0
3450,69,30.0,800.0
3451,69,30.0,800.0
3452,69,30.0,800.0
3453,69,30.0,800.0
3454,69,30.0,800.0
3455,69,30.0,800.0
3456,69,30.0,800.0
3457,69,30.0,800.0
3458,69,30.0,800.0
3459,69,30.0,800.0
3460,69,30.0,800.0
3461,69,30.0,800.0
3462,69,30.0,800.0
3463,69,30.0,800.0
3464,69,30.0,800.0
3465,69,30.0,800.0
3466,69,30.0,800.0
3467,69,30.0,800.0
3468,69,30.0,800.0
3469,69,30.0,800.0
3470,69,30.0,800.0
3471,69,30.0,800.0
3472,69,30.0,800.0
3473,69,30.0,800.0
3474,69,30.0,800.0
3475,69,30.0,800.0
3476,69,30.0,800.0
3477,69,30.0,800.0
3478,69,30.0,800.0
3479,69,30.0,800.0
3480,69,30.0,800.0
3481,69,30.0,800.0
3482,69,30.0,800.0
3483,69,30.0,800.0
3484,69,30.0,800.0
3485,69,30.0,800.0
3486,69,30.0,800.0
3487,69,30.0,800.0
3488,69,30.0,800.0
3489,69,30.0,800.0
3490,69,30.0,800.0
3491,69,30.0,800.0
3492,69,30.0,800.0
3493,69,30.0,800.0
3494,69,30.0,800.0
3495,69,30.0,800.0
3496,69,30.0,800.0
3497,69,30.0,800.0
3498,69,30.0,800.0
3499,69,30.0,800.0
3500,70,30.0,800.0
3501,70,30.0,800.0
3502,70,30.0,800.0
3503,70,30.0,800.0
3504,70,30.0,800.0
3505,70,30.0,800.0
3506,70,30.0,800.0
3507,70,30.0,800.0
3508,70,30.0,800.0
3509,70,30.0,800.0
3510,70,30.0,800.0
3511,70,30.0,800.0
3512,70,30.0,800.0
3513,70,30.0,800.0
3514,70,30.0,800.0
3515,70,30.0,800.0
3516,70,30.0,800.0
3517,70,30.0,800.0
3518,70,30.0,800.0
3519,70,30.0,800.0
3520,70,30.0,800.0
3521,70,30.0,800.0
3522,70,30.0,800.0
3523,70,30.0,800.0
3524,70,30.0,800.0
3525,70,30.0,800.0
3526,70,30.0,800.0
3527,70,30.0,800.0
3528,70,30.0,800.0
3529,70,30.0,800.0
3530,70,30.0,800.0
3531,70,30.0,800.0
3532,70,30.0,800.0
3533,70,30.0,800.0
3534,70,30.0,800.0
3535,70,30.0,800.0
3536,70,30.0,800.0
3537,70,30.0,800.0
3538,70,30.0,800.0
3539,70,30.0,800.0
3540,70,30.0,800.0
3541,70,30.0,800.0
3542,70,30.0,800.0
3543,70,30.0,800.0
3544,70,30.0,800.0
3545,70,30.0,800.0
3546,70,30.0,800.0
3547,70,30.0,800.0
3548,70,30.0,800.0
3549,70,30.0,800.0
3550,71,30.0,800.0
3551,71,30.0,800.0
3552,71,30.0,800.0
3553,71,30.0,800.0
3554,71,30.0,800.0
3555,71,30.0,800.0
3556,71,30.0,800.0
3557,71,30.0,800.0
3558,71,30.0,800.0
3559,71,30.0,800.0
3560,71,30.0,800.0
3561,71,30.0,800.0
3562,71,30.0,800.0
3563,71,30.0,800.0
3564,71,30.0,800.0
3565,71,30.0,800.0
3566,71,30.0,800.0
3567,71,30.0,800.0
3568,71,30.0,800.0
3569,71,30.0,800.0
3570,71,30.0,800.0
3571,71,30.0,800.0
3572,71,30.0,800.0
3573,71,30.0,800.0
3574,71,30.0,800.0
3575,71,30.0,800.0
3576,71,30.0,800.0
3577,71,30.0,800.0
3578,71,30.0,800.0
3579,71,30.0,800.0
3580,71,30.0,800.0
3581,71,30.0,800.0
3582,71,30.0,800.0
3583,71,30.0,800.0
3584,71,30.0,800.0
3585,71,30.0,800.0
3586,71,30.0,800.0
3587,71,30.0,800.0
3588,71,30.0,800.0
3589,71,30.0,800.0
3590,71,30.0,800.0
3591,71,30.0,800.0
3592,71,30.0,800.0
3593,71,30.0,800.0
3594,71,30.0,800.0
3595,71,30.0,800.0
3596,71,30.0,800.0
3597,71,30.0,800.0
3598,71,30.0,800.0
3599,71,30.0,800.0
3600,72,30.0,800.0
3601,72,30.0,800.0
3602,72,30.0,800.0
3603,72,30.0,800.0
3604,72,30.0,800.0
3605,72,30.0,800.0
3606,72,30.0,800.0
3607,72,30.0,800.0
3608,72,30.0,800.0
3609,72,30.0,800.0
3610,72,30.0,800.0
3611,72,30.0,800.0
3612,72,30.0,800.0
3613,72,30.0,800.0
3614,72,30.0,800.0
3615,72,30.0,800.0
3616,72,30.0,800.0
3617,72,30.0,800.0
3618,72,30.0,800.0
3619,72,30.0,800.0
3620,72,30.0,800.0
3621,72,30.0,800.0
3622,72,30.0,800.0
3623,72,30.0,800.0
3624,72,30.0,800.0
3625,72,30.0,800.0
3626,72,30.0,800.0
3627,72,30.0,800.0
3628,72,30.0,800.0
3629,72,30.0,800.0
3630,72,30.0,800.0
3631,72,30.0,800.0
3632,72,30.0,800.0
3633,72,30.0,800.0
3634,72,30.0,800.0
3635,72,30.0,800.0
3636,72,30.0,800.0
3637,72,30.0,800.0
3638,72,30.0,800.0
3639,72,30.0,800.0
3640,72,30.0,800.0
3641,72,30.0,800.0
3642,72,30.0,800.0
3643,72,30.0,800.0
3644,72,30.0,800.0
3645,72,30.0,800.0
3646,72,30.0,800.0
3647,72,30.0,800.0
3648,72,30.0,800.0
3649,72,30.0,800.0
3650,73,30.0,800.0
3651,73,30.0,800.0
3652,73,30.0,800.0
3653,73,30.0,800.0
3654,73,30.0,800.0
3655,73,30.0,800.0
3656,73,30.0,800.0
3657,73,30.0,800.0
3658,73,30.0,800.0
3659,73,30.0,800.0
3660,73,30.0,800.0
3661,73,30.0,800.0
3662,73,30.0,800.0
3663,73,30.0,800.0
3664,73,30.0,800.0
3665,73,30.0,800.0
3666,73,30.0,800.0
3667,73,30.0,800.0
3668,73,30.0,800.0
3669,73,30.0,800.0
3670,73,30.0,800.0
3671,73,30.0,800.0
3672,73,30.0,800.0
3673,73,30.0,800.0
3674,73,30.0,800.0
3675,73,30.0,800.0
3676,73,30.0,800.0
3677,73,30.0,800.0
3678,73,30.0,800.0
3679,73,30.0,800.0
3680,73,30.0,800.0
3681,73,30.0,800.0
3682,73,30.0,800.0
3683,73,30.0,800.0
3684,73,30.0,800.0
3685,73,30.0,800.0
3686,73,30.0,800.0
3687,73,30.0,800.0
3688,73,30.0,800.0
3689,73,30.0,800.0
3690,73,30.0,800.0
3691,73,30.0,800.0
3692,73,30.0,800.0
3693,73,30.0,800.0
3694,73,30.0,800.0
3695,73,30.0,800.0
3696,73,30.0,800.0
3697,73,30.0,800.0
3698,73,30.0,800.0
3699,73,30.0,800.0
3700,74,30.0,800.0
3701,74,30.0,800.0
3702,74,30.0,800.0
3703,74,30.0,800.0
3704,74,30.0,800.0
3705,74,30.0,800.0
3706,74,30.0,800.0
3707,74,30.0,800.0
3708,74,30.0,800.0
3709,74,30.0,800.0
3710,74,30.0,800.0
3711,74,30.0,800.0
3712,74,30.0,800.0
3713,74,30.0,800.0
3714,74,30.0,800.0
3715,74,30.0,800.0
3716,74,30.0,800.0
3717,74,30.0,800.0
3718,74,30.0,800.0
3719,74,30.0,800.0
3720,74,30.0,800.0
3721,74,30.0,800.0
3722,74,30.0,800.0
3723,74,30.0,800.0
3724,74,30.0,800.0
3725,74,30.0,800.0
3726,74,30.0,800.0
3727,74,30.0,800.0
3728,74,30.0,800.0
3729,74,30.0,800.0
3730,74,30.0,800.0
3731,74,30.0,800.0
3732,74,30.0,800.0
3733,74,30.0,800.0
3734,74,30.0,800.0
3735,74,30.0,800.0
3736,74,30.0,800.0
3737,74,30.0,800.0
3738,74,30.0,800.0
3739,74,30.0,800.0
3740,74,30.0,800.0
3741,74,30.0,800.0
3742,74,30.0,800.0
3743,74,30.0,800.0
3744,74,30.0,800.0
3745,74,30.0,800.0
3746,74,30.0,800.0
3747,74,30.0,800.0
3748,74,30.0,800.0
3749,74,30.0,800.0
3750,75,30.0,800.0
3751,75,30.0,800.0
3752,75,30.0,800.0
3753,75,30.0,800.0
3754,75,30.0,800.0
3755,75,30.0,800.0
3756,75,30.0,800.0
3757,75,30.0,800.0
3758,75,30.0,800.0
3759,75,30.0,800.0
3760,75,30.0,800.0
3761,75,30.0,800.0
3762,75,30.0,800.0
3763,75,30.0,800.0
3764,75,30.0,800.0
3765,75,30.0,800.0
3766,75,30.0,800.0
3767,75,30.0,800.0
3768,75,30.0,800.0
3769,75,30.0,800.0
3770,75,30.0,800.0
3771,75,30.0,800.0
3772,75,30.0,800.0
3773,75,30.0,800.0
3774,75,30.0,800.0
3775,75,30.0,800.0
3776,75,30.0,800.0
3777,75,30.0,800.0
3778,75,30.0,800.0
3779,75,30.0,800.0
3780,75,30.0,800.0
3781,75,30.0,800.0
3782,75,30.0,800.0
3783,75,30.0,800.0
3784,75,30.0,800.0
3785,75,30.0,800.0
3786,75,30.0,800.0
3787,75,30.0,800.0
3788,75,30.0,800.0
3789,75,30.0,800.0
3790,75,30.0,800.0
3791,75,30.0,800.0
3792,75,30.0,800.0
3793,75,30.0,800.0
3794,75,30.0,800.0
3795,75,30.0,800.0
3796,75,30.0,800.0
3797,75,30.0,800.0
3798,75,30.0,800.0
3799,75,30.0,800.0
3800,76,30.0,800.0
3801,76,30.0,800.0
3802,76,30.0,800.0
3803,76,30.0,800.0
3804,76,30.0,800.0
3805,76,30.0,800.0
3806,76,30.0,800.0
3807,76,30.0,800.0
3808,76,30.0,800.0
3809,76,30.0,800.0
3810,76,30.0,800.0
3811,76,30.0,800.0
3812,76,30.0,800.0
3813,76,30.0,800.0
3814,76,30.0,800.0
3815,76,30.0,800.0
3816,76,30.0,800.0
3817,76,30.0,800.0
3818,76,30.0,800.0
3819,76,30.0,800.0
3820,76,30.0,800.0
3821,76,30.0,800.0
3822,76,30.0,800.0
3823,76,30.0,800.0
3824,76,30.0,800.0
3825,76,30.0,800.0
3826,76,30.0,800.0
3827,76,30.0,800.0
3828,76,30.0,800.0
3829,76,30.0,800.0
3830,76,30.0,800.0
3831,76,30.0,800.0
3832,76,30.0,800.0
3833,76,30.0,800.0
3834,76,30.0,800.0
3835,76,30.0,800.0
3836,76,30.0,800.0
3837,76,30.0,800.0
3838,76,30.0,800.0
3839,76,30.0,800.0
3840,76,30.0,800.0
3841,76,30.0,800.0
3842,76,30.0,800.0
3843,76,30.0,800.0
3844,76,30.0,800.0
3845,76,30.0,800.0
3846,76,30.0,800.0
3847,76,30.0,800.0
3848,76,30.0,800.0
3849,76,30.0,800.0
3850,77,30.0,350.0
3851,77,30.0,350.0
3852,77,30.0,350.0
3853,77,30.0,350.0
3854,77,30.0,350.0
3855,77,30.0,350.0
3856,77,30.0,350.0
3857,77,30.0,350.0
3858,77,30.0,350.0
3859,77,30.0,350.0
3860,77,30.0,350.0
3861,77,30.0,350.0
3862,77,30.0,350.0
3863,77,30.0,350.0
3864,77,30.0,350.0
3865,77,30.0,350.0
3866,77,30.0,350.0
3867,77,30.0,350.0
3868,77,30.0,350.0
3869,77,30.0,350.0
3870,77,30.0,350.0
3871,77,30.0,350.0
3872,77,30.0,350.0
3873,77,30.0,350.0
3874,77,30.0,350.0
3875,77,30.0,350.0
3876,77,30.0,350.0
3877,77,30.0,350.0
3878,77,30.0,350.0
3879,77,30.0,350.0
3880,77,30.0,350.0
3881,77,30.0,350.0
3882,77,30.0,350.0
3883,77,30.0,350.0
3884,77,30.0,350.0
3885,77,30.0,350.0
3886,77,30.0,350.0
3887,77,30.0,350.0
3888,77,30.0,350.0
3889,77,30.0,350.0
3890,77,30.0,350.0
3891,77,30.0,350.0
3892,77,30.0,350.0
3893,77,30.0,350.0
3894,77,30.0,350.0
3895,77,30.0,350.0
3896,77,30.0,350.0
3897,77,30.0,350.0
3898,77,30.0,350.0
3899,77,30.0,350.0
3900,78,30.0,800.0
3901,78,30.0,800.0
3902,78,30.0,800.0
3903,78,30.0,800.0
3904,78,30.0,800.0
3905,78,30.0,800.0
3906,78,30.0,800.0
3907,78,30.0,800.0
3908,78,30.0,800.0
3909,78,30.0,800.0
3910,78,30.0,800.0
3911,78,30.0,800.0
3912,78,30.0,800.0
3913,78,30.0,800.0
3914,78,30.0,800.0
3915,78,30.0,800.0
3916,78,30.0,800.0
3917,78,30.0,800.0
3918,78,30.0,800.0
3919,78,30.0,800.0
3920,78,30.0,800.0
3921,78,30.0,800.0
3922,78,30.0,800.0
3923,78,30.0,800.0
3924,78,30.0,800.0
3925,78,30.0,800.0
3926,78,30.0,800.0
3927,78,30.0,800.0
3928,78,30.0,800.0
3929,78,30.0,800.0
3930,78,30.0,800.0
3931,78,30.0,800.0
3932,78,30.0,800.0
3933,78,30.0,800.0
3934,78,30.0,800.0
3935,78,30.0,800.0
3936,78,30.0,800.0
3937,78,30.0,800.0
3938,78,30.0,800.0
3939,78,30.0,800.0
3940,78,30.0,800.0
3941,78,30.0,800.0
3942,78,30.0,800.0
3943,78,30.0,800.0
3944,78,30.0,800.0
3945,78,30.0,800.0
3946,78,30.0,800.0
3947,78,30.0,800.0
3948,78,30.0,800.0
3949,78,30.0,800.0
3950,79,30.0,800.0
3951,79,30.0,800.0
3952,79,30.0,800.0
3953,79,30.0,800.0
3954,79,30.0,800.0
3955,79,30.0,800.0
3956,79,30.0,800.0
3957,79,30.0,800.0
3958,79,30.0,800.0
3959,79,30.0,800.0
3960,79,30.0,800.0
3961,79,30.0,800.0
3962,79,30.0,800.0
3963,79,30.0,800.0
3964,79,30.0,800.0
3965,79,30.0,800.0
3966,79,30.0,800.0
3967,79,30.0,800.0
3968,79,30.0,800.0
3969,79,30.0,800.0
3970,79,30.0,800.0
3971,79,30.0,800.0
3972,79,30.0,800.0
3973,79,30.0,800.0
3974,79,30.0,800.0
3975,79,30.0,800.0
3976,79,30.0,800.0
3977,79,30.0,800.0
3978,79,30.0,800.0
3979,79,30.0,800.0
3980,79,30.0,800.0
3981,79,30.0,800.0
3982,79,30.0,800.0
3983,79,30.0,800.0
3984,79,30.0,800.0
3985,79,30.0,800.0
3986,79,30.0,800.0
3987,79,30.0,800.0
3988,79,30.0,800.0
3989,79,30.0,800.0
3990,79,30.0,800.0
3991,79,30.0,800.0
3992,79,30.0,800.0
3993,79,30.0,800.0
3994,79,30.0,800.0
3995,79,30.0,800.0
3996,79,30.0,800.0
3997,79,30.0,800.0
3998,79,30.0,800.0
3999,79,30.0,800.0
4000,80,30.0,800.0
4001,80,30.0,800.0
4002,80,30.0,800.0
4003,80,30.0,800.0
4004,80,30.0,800.0
4005,80,30.0,800.0
4006,80,30.0,800.0
4007,80,30.0,800.0
4008,80,30.0,800.0
4009,80,30.0,800.0
4010,80,30.0,800.0
4011,80,30.0,800.0
4012,80,30.0,800.0
4013,80,30.0,800.0
4014,80,30.0,800.0
4015,80,30.0,800.0
4016,80,30.0,800.0
4017,80,30.0,800.0
4018,80,30.0,800.0
4019,80,30.0,800.0
4020,80,30.0,800.0
4021,80,30.0,800.0
4022,80,30.0,800.0
4023,80,30.0,800.0
4024,80,30.0,800.0
4025,80,30.0,800.0
4026,80,30.0,800.0
4027,80,30.0,800.0
4028,80,30.0,800.0
4029,80,30.0,800.0
4030,80,30.0,800.0
4031,80,30.0,800.0
4032,80,30.0,800.0
4033,80,30.0,800.0
4034,80,30.0,800.0
4035,80,30.0,800.0
4036,80,30.0,800.0
4037,80,30.0,800.0
4038,80,30.0,800.0
4039,80,30.0,800.0
4040,80,30.0,800.0
4041,80,30.0,800.0
4042,80,30.0,800.0
4043,80,30.0,800.0
4044,80,30.0,800.0
4045,80,30.0,800.0
4046,80,30.0,800.0
4047,80,30.0,800.0
4048,80,30.0,800.0
4049,80,30.0,800.0
4050,81,30.0,800.0
4051,81,30.0,800.0
4052,81,30.0,800.0
4053,81,30.0,800.0
4054,81,30.0,800.0
4055,81,30.0,800.0
4056,81,30.0,800.0
4057,81,30.0,800.0
4058,81,30.0,800.0
4059,81,30.0,800.0
4060,81,30.0,800.0
4061,81,30.0,800.0
4062,81,30.0,800.0
4063,81,30.0,800.0
4064,81,30.0,800.0
4065,81,30.0,800.0
4066,81,30.0,800.0
4067,81,30.0,800.0
4068,81,30.0,800.0
4069,81,30.0,800.0
4070,81,30.0,800.0
4071,81,30.0,800.0
4072,81,30.0,800.0
4073,81,30.0,800.0
4074,81,30.0,800.0
4075,81,30.0,800.0
4076,81,30.0,800.0
4077,81,30.0,800.0
4078,81,30.0,800.0
4079,81,30.0,800.0
4080,81,30.0,800.0
4081,81,30.0,800.0
4082,81,30.0,800.0
4083,81,30.0,800.0
4084,81,30.0,800.0
4085,81,30.0,800.0
4086,81,30.0,800.0
4087,81,30.0,800.0
4088,81,30.0,800.0
4089,81,30.0,800.0
4090,81,30.0,800.0
4091,81,30.0,800.0
4092,81,30.0,800.0
4093,81,30.0,800.0
4094,81,30.0,800.0
4095,81,30.0,800.0
4096,81,30.0,800.0
4097,81,30.0,800.0
4098,81,30.0,800.0
4099,81,30.0,800.0
4100,82,30.0,800.0
4101,82,30.0,800.0
4102,82,30.0,800.0
4103,82,30.0,800.0
4104,82,30.0,800.0
4105,82,30.0,800.0
4106,82,30.0,800.0
4107,82,30.0,800.0
4108,82,30.0,800.0
4109,82,30.0,800.0
4110,82,30.0,800.0
4111,82,30.0,800.0
4112,82,30.0,800.0
4113,82,30.0,800.0
4114,82,30.0,800.0
4115,82,30.0,800.0
4116,82,30.0,800.0
4117,82,30.0,800.0
4118,82,30.0,800.0
4119,82,30.0,800.0
4120,82,30.0,800.0
4121,82,30.0,800.0
4122,82,30.0,800.0
4123,82,30.0,800.0
4124,82,30.0,800.0
4125,82,30.0,800.0
4126,82,30.0,800.0
4127,82,30.0,800.0
4128,82,30.0,800.0
4129,82,30.0,800.0
4130,82,30.0,800.0
4131,82,30.0,800.0
4132,82,30.0,800.0
4133,82,30.0,800.0
4134,82,30.0,800.0
4135,82,30.0,800.0
4136,82,30.0,800.0
4137,82,30.0,800.0
4138,82,30.0,800.0
4139,82,30.0,800.0
4140,82,30.0,800.0
4141,82,30.0,800.0
4142,82,30.0,800.0
4143,82,30.0,800.0
4144,82,30.0,800.0
4145,82,30.0,800.0
4146,82,30.0,800.0
4147,82,30.0,800.0
4148,82,30.0,800.0
4149,82,30.0,800.0
4150,83,30.0,800.0
4151,83,30.0,800.0
4152,83,30.0,800.0
4153,83,30.0,800.0
4154,83,30.0,800.0
4155,83,30.0,800.0
4156,83,30.0,800.0
4157,83,30.0,800.0
4158,83,30.0,800.0
4159,83,30.0,800.0
4160,83,30.0,800.0
4161,83,30.0,800.0
4162,83,30.0,800.0
4163,83,30.0,800.0
4164,83,30.0,800.0
4165,83,30.0,800.0
4166,83,30.0,800.0
4167,83,30.0,800.0
4168,83,30.0,800.0
4169,83,30.0,800.0
4170,83,30.0,800.0
4171,83,30.0,800.0
4172,83,30.0,800.0
4173,83,30.0,800.0
4174,83,30.0,800.0
4175,83,30.0,800.0
4176,83,30.0,800.0
4177,83,30.0,800.0
4178,83,30.0,800.0
4179,83,30.0,800.0
4180,83,30.0,800.0
4181,83,30.0,800.0
4182,83,30.0,800.0
4183,83,30.0,800.0
4184,83,30.0,800.0
4185,83,30.0,800.0
4186,83,30.0,800.0
4187,83,30.0,800.0
4188,83,30.0,800.0
4189,83,30.0,800.0
4190,83,30.0,800.0
4191,83,30.0,800.0
4192,83,30.0,800.0
4193,83,30.0,800.0
4194,83,30.0,800.0
4195,83,30.0,800.0
4196,83,30.0,800.0
4197,83,30.0,800.0
4198,83,30.0,800.0
4199,83,30.0,800.0
4200,84,30.0,800.0
4201,84,30.0,800.0
4202,84,30.0,800.0
4203,84,30.0,800.0
4204,84,30.0,800.0
4205,84,30.0,800.0
4206,84,30.0,800.0
4207,84,30.0,800.0
4208,84,30.0,800.0
4209,84,30.0,800.0
4210,84,30.0,800.0
4211,84,30.0,800.0
4212,84,30.0,800.0
4213,84,30.0,800.0
4214,84,30.0,800.0
4215,84,30.0,800.0
4216,84,30.0,800.0
4217,84,30.0,800.0
4218,84,30.0,800.0
4219,84,30.0,800.0
4220,84,30.0,800.0
4221,84,30.0,800.0
4222,84,30.0,800.0
4223,84,30.0,800.0
4224,84,30.0,800.0
4225,84,30.0,800.0
4226,84,30.0,800.0
4227,84,30.0,800.0
4228,84,30.0,800.0
4229,84,30.0,800.0
4230,84,30.0,800.0
4231,84,30.0,800.0
4232,84,30.0,800.0
4233,84,30.0,800.0
4234,84,30.0,800.0
4235,84,30.0,800.0
4236,84,30.0,800.0
4237,84,30.0,800.0
4238,84,30.0,800.0
4239,84,30.0,800.0
4240,84,30.0,800.0
4241,84,30.0,800.0
4242,84,30.0,800.0
4243,84,30.0,800.0
4244,84,30.0,800.0
4245,84,30.0,800.0
4246,84,30.0,800.0
4247,84,30.0,800.0
4248,84,30.0,800.0
4249,84,30.0,800.0
4250,85,30.0,800.0
4251,85,30.0,800.0
4252,85,30.0,800.0
4253,85,30.0,800.0
4254,85,30.0,800.0
4255,85,30.0,800.0
4256,85,30.0,800.0
4257,85,30.0,800.0
4258,85,30.0,800.0
4259,85,30.0,800.0
4260,85,30.0,800.0
4261,85,30.0,800.0
4262,85,30.0,800.0
4263,85,30.0,800.0
4264,85,30.0,800.0
4265,85,30.0,800.0
4266,85,30.0,800.0
4267,85,30.0,800.0
4268,85,30.0,800.0
4269,85,30.0,800.0
4270,85,30.0,800.0
4271,85,30.0,800.0
4272,85,30.0,800.0
4273,85,30.0,800.0
4274,85,30.0,800.0
4275,85,30.0,800.0
4276,85,30.0,800.0
4277,85,30.0,800.0
4278,85,30.0,800.0
4279,85,30.0,800.0
4280,85,30.0,800.0
4281,85,30.0,800.0
4282,85,30.0,800.0
4283,85,30.0,800.0
4284,85,30.0,800.0
4285,85,30.0,800.0
4286,85,30.0,800.0
4287,85,30.0,800.0
4288,85,30.0,800.0
4289,85,30.0,800.0
4290,85,30.0,800.0
4291,85,30.0,800.0
4292,85,30.0,800.0
4293,85,30.0,800.0
4294,85,30.0,800.0
4295,85,30.0,800.0
4296,85,30.0,800.0
4297,85,30.0,800.0
4298,85,30.0,800.0
4299,85,30.0,800.0
4300,86,30.0,800.0
4301,86,30.0,800.0
4302,86,30.0,800.0
4303,86,30.0,800.0
4304,86,30.0,800.0
4305,86,30.0,800.0
4306,86,30.0,800.0
4307,86,30.0,800.0
4308,86,30.0,800.0
4309,86,30.0,800.0
4310,86,30.0,800.0
4311,86,30.0,800.0
4312,86,30.0,800.0
4313,86,30.0,800.0
4314,86,30.0,800.0
4315,86,30.0,800.0
4316,86,30.0,800.0
4317,86,30.0,800.0
4318,86,30.0,800.0
4319,86,30.0,800.0
4320,86,30.0,800.0
4321,86,30.0,800.0
4322,86,30.0,800.0
4323,86,30.0,800.0
4324,86,30.0,800.0
4325,86,30.0,800.0
4326,86,30.0,800.0
4327,86,30.0,800.0
4328,86,30.0,800.0
4329,86,30.0,800.0
4330,86,30.0,800.0
4331,86,30.0,800.0
4332,86,30.0,800.0
4333,86,30.0,800.0
4334,86,30.0,800.0
4335,86,30.0,800.0
4336,86,30.0,800.0
4337,86,30.0,800.0
4338,86,30.0,800.0
4339,86,30.0,800.0
4340,86,30.0,800.0
4341,86,30.0,800.0
4342,86,30.0,800.0
4343,86,30.0,800.0
4344,86,30.0,800.0
4345,86,30.0,800.0
4346,86,30.0,800.0
4347,86,30.0,800.0
4348,86,30.0,800.0
4349,86,30.0,800.0
4350,87,30.0,800.0
4351,87,30.0,800.0
4352,87,30.0,800.0
4353,87,30.0,800.0
4354,87,30.0,800.0
4355,87,30.0,800.0
4356,87,30.0,800.0
4357,87,30.0,800.0
4358,87,30.0,800.0
4359,87,30.0,800.0
4360,87,30.0,800.0
4361,87,30.0,800.0
4362,87,30.0,800.0
4363,87,30.0,800.0
4364,87,30.0,800.0
4365,87,30.0,800.0
4366,87,30.0,800.0
4367,87,30.0,800.0
4368,87,30.0,800.0
4369,87,30.0,800.0
4370,87,30.0,800.0
4371,87,30.0,800.0
4372,87,30.0,800.0
4373,87,30.0,800.0
4374,87,30.0,800.0
4375,87,30.0,800.0
4376,87,30.0,800.0
4377,87,30.0,800.0
4378,87,30.0,800.0
4379,87,30.0,800.0
4380,87,30.0,800.0
4381,87,30.0,800.0
4382,87,30.0,800.0
4383,87,30.0,800.0
4384,87,30.0,800.0
4385,87,30.0,800.0
4386,87,30.0,800.0
4387,87,30.0,800.0
4388,87,30.0,800.0
4389,87,30.0,800.0
4390,87,30.0,800.0
4391,87,30.0,800.0
4392,87,30.0,800.0
4393,87,30.0,800.0
4394,87,30.0,800.0
4395,87,30.0,800.0
4396,87,30.0,800.0
4397,87,30.0,800.0
4398,87,30.0,800.0
4399,87,30.0,800.0
4400,88,30.0,400.0
4401,88,30.0,400.0
4402,88,30.0,400.0
4403,88,30.0,400.0
4404,88,30.0,400.0
4405,88,30.0,400.0
4406,88,30.0,400.0
4407,88,30.0,400.0
4408,88,30.0,400.0
4409,88,30.0,400.0
4410,88,30.0,400.0
4411,88,30.0,400.0
4412,88,30.0,400.0
4413,88,30.0,400.0
4414,88,30.0,400.0
4415,88,30.0,400.0
4416,88,30.0,400.0
4417,88,30.0,400.0
4418,88,30.0,400.0
4419,88,30.0,400.0
4420,88,30.0,400.0
4421,88,30.0,400.0
4422,88,30.0,400.0
4423,88,30.0,400.0
4424,88,30.0,400.0
4425,88,30.0,400.0
4426,88,30.0,400.0
4427,88,30.0,400.0
4428,88,30.0,400.0
4429,88,30.0,400.0
4430,88,30.0,400.0
4431,88,30.0,400.0
4432,88,30.0,400.0
4433,88,30.0,400.0
4434,88,30.0,400.0
4435,88,30.0,400.0
4436,88,30.0,400.0
4437,88,30.0,400.0
4438,88,30.0,400.0
4439,88,30.0,400.0
4440,88,30.0,400.0
4441,88,30.0,400.0
4442,88,30.0,400.0
4443,88,30.0,400.0
4444,88,30.0,400.0
4445,88,30.0,400.0
4446,88,30.0,400.0
4447,88,30.0,400.0
4448,88,30.0,400.0
4449,88,30.0,400.0
4450,89,30.0,800.0
4451,89,30.0,800.0
4452,89,30.0,800.0
4453,89,30.0,800.0
4454,89,30.0,800.0
4455,89,30.0,800.0
4456,89,30.0,800.0
4457,89,30.0,800.0
4458,89,30.0,800.0
4459,89,30.0,800.0
4460,89,30.0,800.0
4461,89,30.0,800.0
4462,89,30.0,800.0
4463,89,30.0,800.0
4464,89,30.0,800.0
4465,89,30.0,800.0
4466,89,30.0,800.0
4467,89,30.0,800.0
4468,89,30.0,800.0
4469,89,30.0,800.0
4470,89,30.0,800.0
4471,89,30.0,800.0
4472,89,30.0,800.0
4473,89,30.0,800.0
4474,89,30.0,800.0
4475,89,30.0,800.0
4476,89,30.0,800.0
4477,89,30.0,800.0
4478,89,30.0,800.0
4479,89,30.0,800.0
4480,89,30.0,800.0
4481,89,30.0,800.0
4482,89,30.0,800.0
4483,89,30.0,800.0
4484,89,30.0,800.0
4485,89,30.0,800.0
4486,89,30.0,800.0
4487,89,30.0,800.0
4488,89,30.0,800.0
4489,89,30.0,800.0
4490,89,30.0,800.0
4491,89,30.0,800.0
4492,89,30.0,800.0
4493,89,30.0,800.0
4494,89,30.0,800.0
4495,89,30.0,800.0
4496,89,30.0,800.0
4497,89,30.0,800.0
4498,89,30.0,800.0
4499,89,30.0,800.0
4500,90,30.0,800.0
4501,90,30.0,800.0
4502,90,30.0,800.0
4503,90,30.0,800.0
4504,90,30.0,800.0
4505,90,30.0,800.0
4506,90,30.0,800.0
4507,90,30.0,800.0
4508,90,30.0,800.0
4509,90,30.0,800.0
4510,90,30.0,800.0
4511,90,30.0,800.0
4512,90,30.0,800.0
4513,90,30.0,800.0
4514,90,30.0,800.0
4515,90,30.0,800.0
4516,90,30.0,800.0
4517,90,30.0,800.0
4518,90,30.0,800.0
4519,90,30.0,800.0
4520,90,30.0,800.0
4521,90,30.0,800.0
4522,90,30.0,800.0
4523,90,30.0,800.0
4524,90,30.0,800.0
4525,90,30.0,800.0
4526,90,30.0,800.0
4527,90,30.0,800.0
4528,90,30.0,800.0
4529,90,30.0,800.0
4530,90,30.0,800.0
4531,90,30.0,800.0
4532,90,30.0,800.0
4533,90,30.0,800.0
4534,90,30.0,800.0
4535,90,30.0,800.0
4536,90,30.0,800.0
4537,90,30.0,800.0
4538,90,30.0,800.0
4539,90,30.0,800.0
4540,90,30.0,800.0
4541,90,30.0,800.0
4542,90,30.0,800.0
4543,90,30.0,800.0
4544,90,30.0,800.0
4545,90,30.0,800.0
4546,90,30.0,800.0
4547,90,30.0,800.0
4548,90,30.0,800.0
4549,90,30.0,800.0
4550,91,30.0,800.0
4551,91,30.0,800.0
4552,91,30.0,800.0
4553,91,30.0,800.0
4554,91,30.0,800.0
4555,91,30.0,800.0
4556,91,30.0,800.0
4557,91,30.0,800.0
4558,91,30.0,800.0
4559,91,30.0,800.0
4560,91,30.0,800.0
4561,91,30.0,800.0
4562,91,30.0,800.0
4563,91,30.0,800.0
4564,91,30.0,800.0
4565,91,30.0,800.0
4566,91,30.0,800.0
4567,91,30.0,800.0
4568,91,30.0,800.0
4569,91,30.0,800.0
4570,91,30.0,800.0
4571,91,30.0,800.0
4572,91,30.0,800.0
4573,91,30.0,800.0
4574,91,30.0,800.0
4575,91,30.0,800.0
4576,91,30.0,800.0
4577,91,30.0,800.0
4578,91,30.0,800.0
4579,91,30.0,800.0
4580,91,30.0,800.0
4581,91,30.0,800.0
4582,91,30.0,800.0
4583,91,30.0,800.0
4584,91,30.0,800.0
4585,91,30.0,800.0
4586,91,30.0,800.0
4587,91,30.0,800.0
4588,91,30.0,800.0
4589,91,30.0,800.0
4590,91,30.0,800.0
4591,91,30.0,800.0
4592,91,30.0,800.0
4593,91,30.0,800.0
4594,91,30.0,800.0
4595,91,30.0,800.0
4596,91,30.0,800.0
4597,91,30.0,800.0
4598,91,30.0,800.0
4599,91,30.0,800.0
4600,92,30.0,800.0
4601,92,30.0,800.0
4602,92,30.0,800.0
4603,92,30.0,800.0
4604,92,30.0,800.0
4605,92,30.0,800.0
4606,92,30.0,800.0
4607,92,30.0,800.0
4608,92,30.0,800.0
4609,92,30.0,800.0
4610,92,30.0,800.0
4611,92,30.0,800.0
4612,92,30.0,800.0
4613,92,30.0,800.0
4614,92,30.0,800.0
4615,92,30.0,800.0
4616,92,30.0,800.0
4617,92,30.0,800.0
4618,92,30.0,800.0
4619,92,30.0,800.0
4620,92,30.0,800.0
4621,92,30.0,800.0
4622,92,30.0,800.0
4623,92,30.0,800.0
4624,92,30.0,800.0
4625,92,30.0,800.0
4626,92,30.0,800.0
4627,92,30.0,800.0
4628,92,30.0,800.0
4629,92,30.0,800.0
4630,92,30.0,800.0
4631,92,30.0,800.0
4632,92,30.0,800.0
4633,92,30.0,800.0
4634,92,30.0,800.0
4635,92,30.0,800.0
4636,92,30.0,800.0
4637,92,30.0,800.0
4638,92,30.0,800.0
4639,92,30.0,800.0
4640,92,30.0,800.0
4641,92,30.0,800.0
4642,92,30.0,800.0
4643,92,30.0,800.0
4644,92,30.0,800.0
4645,92,30.0,800.0
4646,92,30.0,800.0
4647,92,30.0,800.0
4648,92,30.0,800.0
4649,92,30.0,800.0
4650,93,30.0,800.0
4651,93,30.0,800.0
4652,93,30.0,800.0
4653,93,30.0,800.0
4654,93,30.0,800.0
4655,93,30.0,800.0
4656,93,30.0,800.0
4657,93,30.0,800.0
4658,93,30.0,800.0
4659,93,30.0,800.0
4660,93,30.0,800.0
4661,93,30.0,800.0
4662,93,30.0,800.0
4663,93,30.0,800.0
4664,93,30.0,800.0
4665,93,30.0,800.0
4666,93,30.0,800.0
4667,93,30.0,800.0
4668,93,30.0,800.0
4669,93,30.0,800.0
4670,93,30.0,800.0
4671,93,30.0,800.0
4672,93,30.0,800.0
4673,93,30.0,800.0
4674,93,30.0,800.0
4675,93,30.0,800.0
4676,93,30.0,800.0
4677,93,30.0,800.0
4678,93,30.0,800.0
4679,93,30.0,800.0
4680,93,30.0,800.0
4681,93,30.0,800.0
4682,93,30.0,800.0
4683,93,30.0,800.0
4684,93,30.0,800.0
4685,93,30.0,800.0
4686,93,30.0,800.0
4687,93,30.0,800.0
4688,93,30.0,800.0
4689,93,30.0,800.0
4690,93,30.0,800.0
4691,93,30.0,800.0
4692,93,30.0,800.0
4693,93,30.0,800.0
4694,93,30.0,800.0
4695,93,30.0,800.0
4696,93,30.0,800.0
4697,93,30.0,800.0
4698,93,30.0,800.0
4699,93,30.0,800.0
4700,94,30.0,800.0
4701,94,30.0,800.0
4702,94,30.0,800.0
4703,94,30.0,800.0
4704,94,30.0,800.0
4705,94,30.0,800.0
4706,94,30.0,800.0
4707,94,30.0,800.0
4708,94,30.0,800.0
4709,94,30.0,800.0
4710,94,30.0,800.0
4711,94,30.0,800.0
4712,94,30.0,800.0
4713,94,30.0,800.0
4714,94,30.0,800.0
4715,94,30.0,800.0
4716,94,30.0,800.0
4717,94,30.0,800.0
4718,94,30.0,800.0
4719,94,30.0,800.0
4720,94,30.0,800.0
4721,94,30.0,800.0
4722,94,30.0,800.0
4723,94,30.0,800.0
4724,94,30.0,800.0
4725,94,30.0,800.0
4726,94,30.0,800.0
4727,94,30.0,800.0
4728,94,30.0,800.0
4729,94,30.0,800.0
4730,94,30.0,800.0
4731,94,30.0,800.0
4732,94,30.0,800.0
4733,94,30.0,800.0
4734,94,30.0,800.0
4735,94,30.0,800.0
4736,94,30.0,800.0
4737,94,30.0,800.0
4738,94,30.0,800.0
4739,94,30.0,800.0
4740,94,30.0,800.0
4741,94,30.0,800.0
4742,94,30.0,800.0
4743,94,30.0,800.0
4744,94,30.0,800.0
4745,94,30.0,800.0
4746,94,30.0,800.0
4747,94,30.0,800.0
4748,94,30.0,800.0
4749,94,30.0,800.0
4750,95,30.0,800.0
4751,95,30.0,800.0
4752,95,30.0,800.0
4753,95,30.0,800.0
4754,95,30.0,800.0
4755,95,30.0,800.0
4756,95,30.0,800.0
4757,95,30.0,800.0
4758,95,30.0,800.0
4759,95,30.0,800.0
4760,95,30.0,800.0
4761,95,30.0,800.0
4762,95,30.0,800.0
4763,95,30.0,800.0
4764,95,30.0,800.0
4765,95,30.0,800.0
4766,95,30.0,800.0
4767,95,30.0,800.0
4768,95,30.0,800.0
4769,95,30.0,800.0
4770,95,30.0,800.0
4771,95,30.0,800.0
4772,95,30.0,800.0
4773,95,30.0,800.0
4774,95,30.0,800.0
4775,95,30.0,800.0
4776,95,30.0,800.0
4777,95,30.0,800.0
4778,95,30.0,800.0
4779,95,30.0,800.0
4780,95,30.0,800.0
4781,95,30.0,800.0
4782,95,30.0,800.0
4783,95,30.0,800.0
4784,95,30.0,800.0
4785,95,30.0,800.0
4786,95,30.0,800.0
4787,95,30.0,800.0
4788,95,30.0,800.0
4789,95,30.0,800.0
4790,95,30.0,800.0
4791,95,30.0,800.0
4792,95,30.0,800.0
4793,95,30.0,800.0
4794,95,30.0,800.0
4795,95,30.0,800.0
4796,95,30.0,800.0
4797,95,30.0,800.0
4798,95,30.0,800.0
4799,95,30.0,800.0
4800,96,30.0,800.0
4801,96,30.0,800.0
4802,96,30.0,800.0
4803,96,30.0,800.0
4804,96,30.0,800.0
4805,96,30.0,800.0
4806,96,30.0,800.0
4807,96,30.0,800.0
4808,96,30.0,800.0
4809,96,30.0,800.0
4810,96,30.0,800.0
4811,96,30.0,800.0
4812,96,30.0,800.0
4813,96,30.0,800.0
4814,96,30.0,800.0
4815,96,30.0,800.0
4816,96,30.0,800.0
4817,96,30.0,800.0
4818,96,30.0,800.0
4819,96,30.0,800.0
4820,96,30.0,800.0
4821,96,30.0,800.0
4822,96,30.0,800.0
4823,96,30.0,800.0
4824,96,30.0,800.0
4825,96,30.0,800.0
4826,96,30.0,800.0
4827,96,30.0,800.0
4828,96,30.0,800.0
4829,96,30.0,800.0
4830,96,30.0,800.0
4831,96,30.0,800.0
4832,96,30.0,800.0
4833,96,30.0,800.0
4834,96,30.0,800.0
4835,96,30.0,800.0
4836,96,30.0,800.0
4837,96,30.0,800.0
4838,96,30.0,800.0
4839,96,30.0,800.0
4840,96,30.0,800.0
4841,96,30.0,800.0
4842,96,30.0,800.0
4843,96,30.0,800.0
4844,96,30.0,800.0
4845,96,30.0,800.0
4846,96,30.0,800.0
4847,96,30.0,800.0
4848,96,30.0,800.0
4849,96,30.0,800.0
4850,97,30.0,800.0
4851,97,30.0,800.0
4852,97,30.0,800.0
4853,97,30.0,800.0
4854,97,30.0,800.0
4855,97,30.0,800.0
4856,97,30.0,800.0
4857,97,30.0,800.0
4858,97,30.0,800.0
4859,97,30.0,800.0
4860,97,30.0,800.0
4861,97,30.0,800.0
4862,97,30.0,800.0
4863,97,30.0,800.0
4864,97,30.0,800.0
4865,97,30.0,800.0
4866,97,30.0,800.0
4867,97,30.0,800.0
4868,97,30.0,800.0
4869,97,30.0,800.0
4870,97,30.0,800.0
4871,97,30.0,800.0
4872,97,30.0,800.0
4873,97,30.0,800.0
4874,97,30.0,800.0
4875,97,30.0,800.0
4876,97,30.0,800.0
4877,97,30.0,800.0
4878,97,30.0,800.0
4879,97,30.0,800.0
4880,97,30.0,800.0
4881,97,30.0,800.0
4882,97,30.0,800.0
4883,97,30.0,800.0
4884,97,30.0,800.0
4885,97,30.0,800.0
4886,97,30.0,800.0
4887,97,30.0,800.0
4888,97,30.0,800.0
4889,97,30.0,800.0
4890,97,30.0,800.0
4891,97,30.0,800.0
4892,97,30.0,800.0
4893,97,30.0,800.0
4894,97,30.0,800.0
4895,97,30.0,800.0
4896,97,30.0,800.0
4897,97,30.0,800.0
4898,97,30.0,800.0
4899,97,30.0,800.0
4900,98,30.0,800.0
4901,98,30.0,800.0
4902,98,30.0,800.0
4903,98,30.0,800.0
4904,98,30.0,800.0
4905,98,30.0,800.0
4906,98,30.0,800.0
4907,98,30.0,800.0
4908,98,30.0,800.0
4909,98,30.0,800.0
4910,98,30.0,800.0
4911,98,30.0,800.0
4912,98,30.0,800.0
4913,98,30.0,800.0
4914,98,30.0,800.0
4915,98,30.0,800.0
4916,98,30.0,800.0
4917,98,30.0,800.0
4918,98,30.0,800.0
4919,98,30.0,800.0
4920,98,30.0,800.0
4921,98,30.0,800.0
4922,98,30.0,800.0
4923,98,30.0,800.0
4924,98,30.0,800.0
4925,98,30.0,800.0
4926,98,30.0,800.0
4927,98,30.0,800.0
4928,98,30.0,800.0
4929,98,30.0,800.0
4930,98,30.0,800.0
4931,98,30.0,800.0
4932,98,30.0,800.0
4933,98,30.0,800.0
4934,98,30.0,800.0
4935,98,30.0,800.0
4936,98,30.0,800.0
4937,98,30.0,800.0
4938,98,30.0,800.0
4939,98,30.0,800.0
4940,98,30.0,800.0
4941,98,30.0,800.0
4942,98,30.0,800.0
4943,98,30.0,800.0
4944,98,30.0,800.0
4945,98,30.0,800.0
4946,98,30.0,800.0
4947,98,30.0,800.0
4948,98,30.0,800.0
4949,98,30.0,800.0
4950,99,30.0,500.0
4951,99,30.0,500.0
4952,99,30.0,500.0
4953,99,30.0,500.0
4954,99,30.0,500.0
4955,99,30.0,500.0
4956,99,30.0,500.0
4957,99,30.0,500.0
4958,99,30.0,500.0
4959,99,30.0,500.0
4960,99,30.0,500.0
4961,99,30.0,500.0
4962,99,30.0,500.0
4963,99,30.0,500.0
4964,99,30.0,500.0
4965,99,30.0,500.0
4966,99,30.0,500.0
4967,99,30.0,500.0
4968,99,30.0,500.0
4969,99,30.0,500.0
4970,99,30.0,500.0
4971,99,30.0,500.0
4972,99,30.0,500.0
4973,99,30.0,500.0
4974,99,30.0,500.0
4975,99,30.0,500.0
4976,99,30.0,500.0
4977,99,30.0,500.0
4978,99,30.0,500.0
4979,99,30.0,500.0
4980,99,30.0,500.0
4981,99,30.0,500.0
4982,99,30.0,500.0
4983,99,30.0,500.0
4984,99,30.0,500.0
4985,99,30.0,500.0
4986,99,30.0,500.0
4987,99,30.0,500.0
4988,99,30.0,500.0
4989,99,30.0,500.0
4990,99,30.0,500.0
4991,99,30.0,500.0
4992,99,30.0,500.0
4993,99,30.0,500.0
4994,99,30.0,500.0
4995,99,30.0,500.0
4996,99,30.0,500.0
4997,99,30.0,500.0
4998,99,30.0,500.0
4999,99,30.0,500.0
